subscriber_id,signup_date,plan,monthly_price,channel,cohort_month
SUB0001,2023-03-23,Pro,79,Organic Search,2023-03
SUB0002,2023-12-12,Pro,79,Paid Ads,2023-12
SUB0003,2023-09-16,Basic,29,Organic Search,2023-09
SUB0004,2023-07-19,Pro,79,Direct,2023-07
SUB0005,2022-10-15,Basic,29,Social Media,2022-10
SUB0006,2022-10-15,Basic,29,Organic Search,2022-10
SUB0007,2022-06-25,Basic,29,Direct,2022-06
SUB0008,2023-11-10,Pro,79,Direct,2023-11
SUB0009,2023-07-20,Basic,29,Direct,2023-07
SUB0010,2023-09-06,Pro,79,Social Media,2023-09
SUB0011,2022-04-15,Pro,79,Organic Search,2022-04
SUB0012,2023-12-19,Business,149,Paid Ads,2023-12
SUB0013,2023-10-28,Pro,79,Referral,2023-10
SUB0014,2022-12-02,Basic,29,Paid Ads,2022-12
SUB0015,2022-11-07,Enterprise,399,Referral,2022-11
SUB0016,2022-11-09,Basic,29,Social Media,2022-11
SUB0017,2023-02-07,Basic,29,Referral,2023-02
SUB0018,2023-06-13,Pro,79,Organic Search,2023-06
SUB0019,2023-04-25,Pro,79,Direct,2023-04
SUB0020,2023-01-29,Basic,29,Social Media,2023-01
SUB0021,2023-07-25,Basic,29,Referral,2023-07
SUB0022,2022-09-30,Business,149,Direct,2022-09
SUB0023,2023-01-30,Business,149,Referral,2023-01
SUB0024,2023-03-18,Pro,79,Organic Search,2023-03
SUB0025,2023-05-08,Basic,29,Paid Ads,2023-05
SUB0026,2023-10-08,Business,149,Organic Search,2023-10
SUB0027,2022-11-22,Business,149,Organic Search,2022-11
SUB0028,2023-06-07,Basic,29,Social Media,2023-06
SUB0029,2023-07-16,Pro,79,Referral,2023-07
SUB0030,2022-06-07,Basic,29,Referral,2022-06
SUB0031,2023-07-23,Basic,29,Referral,2023-07
SUB0032,2022-10-29,Pro,79,Organic Search,2022-10
SUB0033,2022-07-05,Pro,79,Paid Ads,2022-07
SUB0034,2023-12-12,Pro,79,Paid Ads,2023-12
SUB0035,2023-12-18,Basic,29,Social Media,2023-12
SUB0036,2023-10-18,Basic,29,Direct,2023-10
SUB0037,2023-02-07,Basic,29,Referral,2023-02
SUB0038,2022-08-16,Business,149,Organic Search,2022-08
SUB0039,2023-08-27,Basic,29,Organic Search,2023-08
SUB0040,2023-04-29,Business,149,Social Media,2023-04
SUB0041,2022-09-12,Basic,29,Paid Ads,2022-09
SUB0042,2023-05-28,Business,149,Direct,2023-05
SUB0043,2022-05-16,Business,149,Referral,2022-05
SUB0044,2023-11-27,Basic,29,Social Media,2023-11
SUB0045,2023-01-06,Basic,29,Social Media,2023-01
SUB0046,2023-08-17,Basic,29,Paid Ads,2023-08
SUB0047,2023-02-12,Basic,29,Direct,2023-02
SUB0048,2023-06-10,Pro,79,Direct,2023-06
SUB0049,2023-06-24,Pro,79,Direct,2023-06
SUB0050,2022-11-10,Basic,29,Paid Ads,2022-11
SUB0051,2023-12-19,Enterprise,399,Paid Ads,2023-12
SUB0052,2023-10-04,Pro,79,Organic Search,2023-10
SUB0053,2023-12-08,Business,149,Organic Search,2023-12
SUB0054,2023-11-21,Basic,29,Paid Ads,2023-11
SUB0055,2023-07-18,Business,149,Social Media,2023-07
SUB0056,2023-12-01,Pro,79,Social Media,2023-12
SUB0057,2022-08-05,Basic,29,Social Media,2022-08
SUB0058,2022-11-19,Pro,79,Direct,2022-11
SUB0059,2022-06-05,Business,149,Organic Search,2022-06
SUB0060,2023-02-20,Pro,79,Organic Search,2023-02
SUB0061,2023-03-31,Pro,79,Direct,2023-03
SUB0062,2023-01-15,Business,149,Referral,2023-01
SUB0063,2023-10-26,Basic,29,Social Media,2023-10
SUB0064,2023-03-12,Basic,29,Organic Search,2023-03
SUB0065,2023-01-22,Enterprise,399,Referral,2023-01
SUB0066,2023-06-22,Enterprise,399,Paid Ads,2023-06
SUB0067,2022-10-01,Pro,79,Organic Search,2022-10
SUB0068,2023-10-15,Business,149,Referral,2023-10
SUB0069,2022-07-19,Business,149,Direct,2022-07
SUB0070,2023-12-26,Pro,79,Paid Ads,2023-12
SUB0071,2023-10-03,Basic,29,Paid Ads,2023-10
SUB0072,2022-11-21,Pro,79,Direct,2022-11
SUB0073,2022-02-24,Business,149,Direct,2022-02
SUB0074,2023-10-21,Basic,29,Organic Search,2023-10
SUB0075,2023-09-05,Basic,29,Referral,2023-09
SUB0076,2023-09-15,Business,149,Referral,2023-09
SUB0077,2023-10-03,Basic,29,Paid Ads,2023-10
SUB0078,2022-07-18,Business,149,Organic Search,2022-07
SUB0079,2023-03-13,Basic,29,Social Media,2023-03
SUB0080,2022-09-06,Business,149,Direct,2022-09
SUB0081,2023-11-09,Business,149,Paid Ads,2023-11
SUB0082,2023-07-30,Pro,79,Direct,2023-07
SUB0083,2023-02-24,Basic,29,Direct,2023-02
SUB0084,2022-07-03,Business,149,Social Media,2022-07
SUB0085,2023-02-11,Enterprise,399,Direct,2023-02
SUB0086,2023-02-20,Business,149,Paid Ads,2023-02
SUB0087,2023-09-15,Pro,79,Social Media,2023-09
SUB0088,2023-08-06,Enterprise,399,Referral,2023-08
SUB0089,2023-11-18,Pro,79,Direct,2023-11
SUB0090,2023-05-16,Pro,79,Paid Ads,2023-05
SUB0091,2022-09-10,Basic,29,Referral,2022-09
SUB0092,2023-09-08,Basic,29,Direct,2023-09
SUB0093,2023-09-28,Basic,29,Paid Ads,2023-09
SUB0094,2023-07-01,Basic,29,Organic Search,2023-07
SUB0095,2023-10-03,Basic,29,Organic Search,2023-10
SUB0096,2023-05-28,Business,149,Organic Search,2023-05
SUB0097,2023-06-12,Pro,79,Referral,2023-06
SUB0098,2023-04-22,Pro,79,Paid Ads,2023-04
SUB0099,2022-04-27,Pro,79,Direct,2022-04
SUB0100,2022-08-28,Pro,79,Paid Ads,2022-08
SUB0101,2022-05-10,Business,149,Social Media,2022-05
SUB0102,2023-08-05,Basic,29,Organic Search,2023-08
SUB0103,2023-02-13,Pro,79,Referral,2023-02
SUB0104,2023-06-04,Pro,79,Social Media,2023-06
SUB0105,2023-11-26,Business,149,Organic Search,2023-11
SUB0106,2022-12-30,Pro,79,Organic Search,2022-12
SUB0107,2023-04-13,Basic,29,Referral,2023-04
SUB0108,2023-09-26,Business,149,Organic Search,2023-09
SUB0109,2022-12-15,Basic,29,Paid Ads,2022-12
SUB0110,2022-07-22,Pro,79,Paid Ads,2022-07
SUB0111,2023-01-28,Pro,79,Referral,2023-01
SUB0112,2022-10-20,Pro,79,Organic Search,2022-10
SUB0113,2023-12-04,Pro,79,Direct,2023-12
SUB0114,2023-10-18,Basic,29,Direct,2023-10
SUB0115,2023-08-04,Business,149,Organic Search,2023-08
SUB0116,2023-11-12,Business,149,Paid Ads,2023-11
SUB0117,2023-10-16,Basic,29,Social Media,2023-10
SUB0118,2022-11-11,Pro,79,Social Media,2022-11
SUB0119,2023-11-20,Business,149,Paid Ads,2023-11
SUB0120,2023-06-20,Basic,29,Social Media,2023-06
SUB0121,2023-10-18,Basic,29,Social Media,2023-10
SUB0122,2023-11-22,Basic,29,Direct,2023-11
SUB0123,2023-02-16,Pro,79,Social Media,2023-02
SUB0124,2022-08-30,Basic,29,Referral,2022-08
SUB0125,2022-12-15,Basic,29,Organic Search,2022-12
SUB0126,2023-04-22,Pro,79,Direct,2023-04
SUB0127,2023-10-22,Basic,29,Referral,2023-10
SUB0128,2023-11-08,Basic,29,Direct,2023-11
SUB0129,2022-03-02,Pro,79,Direct,2022-03
SUB0130,2023-06-05,Basic,29,Direct,2023-06
SUB0131,2023-04-16,Basic,29,Paid Ads,2023-04
SUB0132,2022-12-10,Basic,29,Organic Search,2022-12
SUB0133,2022-09-10,Pro,79,Paid Ads,2022-09
SUB0134,2023-02-28,Pro,79,Direct,2023-02
SUB0135,2023-12-09,Basic,29,Direct,2023-12
SUB0136,2023-02-19,Basic,29,Organic Search,2023-02
SUB0137,2023-06-10,Pro,79,Direct,2023-06
SUB0138,2023-09-04,Pro,79,Referral,2023-09
SUB0139,2023-03-16,Business,149,Paid Ads,2023-03
SUB0140,2023-12-20,Pro,79,Referral,2023-12
SUB0141,2023-12-17,Basic,29,Social Media,2023-12
SUB0142,2023-01-01,Basic,29,Referral,2023-01
SUB0143,2023-05-30,Pro,79,Organic Search,2023-05
SUB0144,2023-02-04,Basic,29,Direct,2023-02
SUB0145,2023-01-25,Enterprise,399,Organic Search,2023-01
SUB0146,2022-05-21,Basic,29,Paid Ads,2022-05
SUB0147,2023-07-24,Pro,79,Paid Ads,2023-07
SUB0148,2023-06-01,Business,149,Organic Search,2023-06
SUB0149,2022-06-15,Business,149,Referral,2022-06
SUB0150,2023-01-20,Basic,29,Social Media,2023-01
SUB0151,2023-11-26,Business,149,Referral,2023-11
SUB0152,2022-12-23,Pro,79,Direct,2022-12
SUB0153,2022-10-05,Basic,29,Direct,2022-10
SUB0154,2023-05-26,Basic,29,Organic Search,2023-05
SUB0155,2023-12-25,Business,149,Paid Ads,2023-12
SUB0156,2022-12-25,Basic,29,Organic Search,2022-12
SUB0157,2023-08-21,Pro,79,Paid Ads,2023-08
SUB0158,2023-09-29,Basic,29,Direct,2023-09
SUB0159,2022-12-22,Basic,29,Referral,2022-12
SUB0160,2023-09-15,Basic,29,Referral,2023-09
SUB0161,2023-03-19,Pro,79,Referral,2023-03
SUB0162,2023-08-03,Business,149,Organic Search,2023-08
SUB0163,2023-08-04,Basic,29,Social Media,2023-08
SUB0164,2023-06-18,Business,149,Organic Search,2023-06
SUB0165,2022-08-08,Basic,29,Paid Ads,2022-08
SUB0166,2023-10-29,Pro,79,Referral,2023-10
SUB0167,2023-02-17,Basic,29,Social Media,2023-02
SUB0168,2022-11-11,Pro,79,Social Media,2022-11
SUB0169,2022-05-28,Pro,79,Organic Search,2022-05
SUB0170,2023-07-15,Basic,29,Paid Ads,2023-07
SUB0171,2023-08-24,Pro,79,Referral,2023-08
SUB0172,2022-04-04,Pro,79,Paid Ads,2022-04
SUB0173,2023-06-06,Pro,79,Organic Search,2023-06
SUB0174,2022-12-13,Basic,29,Organic Search,2022-12
SUB0175,2023-08-09,Business,149,Paid Ads,2023-08
SUB0176,2022-11-01,Pro,79,Organic Search,2022-11
SUB0177,2023-08-29,Basic,29,Direct,2023-08
SUB0178,2023-03-30,Business,149,Social Media,2023-03
SUB0179,2023-12-07,Enterprise,399,Paid Ads,2023-12
SUB0180,2022-09-28,Business,149,Paid Ads,2022-09
SUB0181,2023-03-02,Business,149,Paid Ads,2023-03
SUB0182,2022-09-03,Business,149,Organic Search,2022-09
SUB0183,2023-12-03,Basic,29,Referral,2023-12
SUB0184,2023-11-14,Business,149,Social Media,2023-11
SUB0185,2023-01-06,Business,149,Paid Ads,2023-01
SUB0186,2023-08-16,Basic,29,Organic Search,2023-08
SUB0187,2023-10-22,Basic,29,Organic Search,2023-10
SUB0188,2023-06-28,Business,149,Paid Ads,2023-06
SUB0189,2023-06-15,Basic,29,Social Media,2023-06
SUB0190,2022-12-25,Basic,29,Paid Ads,2022-12
SUB0191,2022-08-11,Basic,29,Paid Ads,2022-08
SUB0192,2023-11-22,Basic,29,Referral,2023-11
SUB0193,2023-11-23,Business,149,Referral,2023-11
SUB0194,2023-08-04,Basic,29,Direct,2023-08
SUB0195,2023-03-01,Basic,29,Direct,2023-03
SUB0196,2023-03-07,Basic,29,Organic Search,2023-03
SUB0197,2023-09-14,Basic,29,Referral,2023-09
SUB0198,2023-11-22,Basic,29,Referral,2023-11
SUB0199,2023-11-18,Basic,29,Direct,2023-11
SUB0200,2023-10-06,Pro,79,Referral,2023-10
SUB0201,2023-08-08,Pro,79,Direct,2023-08
SUB0202,2022-07-31,Basic,29,Direct,2022-07
SUB0203,2022-10-21,Basic,29,Organic Search,2022-10
SUB0204,2023-11-23,Pro,79,Organic Search,2023-11
SUB0205,2023-07-22,Pro,79,Direct,2023-07
SUB0206,2022-03-11,Pro,79,Paid Ads,2022-03
SUB0207,2022-08-21,Basic,29,Organic Search,2022-08
SUB0208,2023-08-17,Business,149,Referral,2023-08
SUB0209,2022-02-21,Pro,79,Organic Search,2022-02
SUB0210,2022-10-20,Pro,79,Referral,2022-10
SUB0211,2023-06-25,Pro,79,Social Media,2023-06
SUB0212,2023-08-30,Basic,29,Referral,2023-08
SUB0213,2023-08-12,Pro,79,Paid Ads,2023-08
SUB0214,2022-12-12,Pro,79,Social Media,2022-12
SUB0215,2023-09-08,Pro,79,Paid Ads,2023-09
SUB0216,2022-12-22,Pro,79,Referral,2022-12
SUB0217,2023-02-20,Pro,79,Organic Search,2023-02
SUB0218,2023-09-22,Basic,29,Paid Ads,2023-09
SUB0219,2023-08-11,Pro,79,Direct,2023-08
SUB0220,2023-11-03,Pro,79,Referral,2023-11
SUB0221,2023-08-15,Pro,79,Social Media,2023-08
SUB0222,2023-07-04,Pro,79,Direct,2023-07
SUB0223,2022-08-12,Pro,79,Paid Ads,2022-08
SUB0224,2023-03-19,Pro,79,Referral,2023-03
SUB0225,2023-01-11,Pro,79,Direct,2023-01
SUB0226,2022-12-27,Basic,29,Paid Ads,2022-12
SUB0227,2023-12-21,Pro,79,Paid Ads,2023-12
SUB0228,2023-04-03,Business,149,Paid Ads,2023-04
SUB0229,2023-11-20,Basic,29,Paid Ads,2023-11
SUB0230,2023-08-03,Enterprise,399,Direct,2023-08
SUB0231,2023-10-12,Business,149,Organic Search,2023-10
SUB0232,2023-06-01,Pro,79,Direct,2023-06
SUB0233,2023-07-08,Basic,29,Social Media,2023-07
SUB0234,2023-05-27,Pro,79,Paid Ads,2023-05
SUB0235,2022-11-19,Basic,29,Organic Search,2022-11
SUB0236,2023-09-12,Business,149,Organic Search,2023-09
SUB0237,2023-01-22,Business,149,Paid Ads,2023-01
SUB0238,2022-04-24,Basic,29,Direct,2022-04
SUB0239,2023-08-09,Pro,79,Direct,2023-08
SUB0240,2022-11-03,Basic,29,Organic Search,2022-11
SUB0241,2023-12-08,Pro,79,Social Media,2023-12
SUB0242,2023-12-14,Pro,79,Direct,2023-12
SUB0243,2023-11-29,Pro,79,Social Media,2023-11
SUB0244,2023-03-20,Pro,79,Direct,2023-03
SUB0245,2022-04-01,Pro,79,Direct,2022-04
SUB0246,2023-12-04,Pro,79,Paid Ads,2023-12
SUB0247,2023-04-23,Pro,79,Social Media,2023-04
SUB0248,2023-12-18,Pro,79,Paid Ads,2023-12
SUB0249,2023-12-17,Business,149,Referral,2023-12
SUB0250,2023-11-05,Business,149,Direct,2023-11
SUB0251,2023-01-31,Pro,79,Paid Ads,2023-01
SUB0252,2023-03-29,Basic,29,Organic Search,2023-03
SUB0253,2023-11-04,Pro,79,Paid Ads,2023-11
SUB0254,2023-02-15,Basic,29,Referral,2023-02
SUB0255,2022-10-28,Business,149,Organic Search,2022-10
SUB0256,2023-06-28,Basic,29,Paid Ads,2023-06
SUB0257,2023-12-07,Basic,29,Paid Ads,2023-12
SUB0258,2023-09-01,Pro,79,Organic Search,2023-09
SUB0259,2023-07-05,Pro,79,Referral,2023-07
SUB0260,2022-08-16,Pro,79,Social Media,2022-08
SUB0261,2023-07-26,Basic,29,Social Media,2023-07
SUB0262,2023-12-27,Basic,29,Direct,2023-12
SUB0263,2022-09-30,Business,149,Organic Search,2022-09
SUB0264,2023-06-09,Business,149,Direct,2023-06
SUB0265,2023-11-14,Basic,29,Organic Search,2023-11
SUB0266,2023-09-20,Business,149,Referral,2023-09
SUB0267,2023-09-01,Business,149,Social Media,2023-09
SUB0268,2023-09-04,Pro,79,Direct,2023-09
SUB0269,2023-03-14,Business,149,Paid Ads,2023-03
SUB0270,2023-01-31,Pro,79,Referral,2023-01
SUB0271,2023-10-18,Pro,79,Organic Search,2023-10
SUB0272,2023-10-19,Basic,29,Social Media,2023-10
SUB0273,2023-11-10,Pro,79,Social Media,2023-11
SUB0274,2023-11-28,Business,149,Direct,2023-11
SUB0275,2023-06-06,Pro,79,Social Media,2023-06
SUB0276,2023-06-01,Pro,79,Organic Search,2023-06
SUB0277,2023-10-14,Basic,29,Social Media,2023-10
SUB0278,2023-08-11,Basic,29,Social Media,2023-08
SUB0279,2023-09-03,Basic,29,Referral,2023-09
SUB0280,2023-10-13,Basic,29,Paid Ads,2023-10
SUB0281,2023-11-19,Pro,79,Referral,2023-11
SUB0282,2023-02-28,Business,149,Social Media,2023-02
SUB0283,2023-03-23,Basic,29,Social Media,2023-03
SUB0284,2022-08-12,Basic,29,Organic Search,2022-08
SUB0285,2023-07-09,Pro,79,Direct,2023-07
SUB0286,2022-05-19,Basic,29,Referral,2022-05
SUB0287,2023-05-13,Basic,29,Organic Search,2023-05
SUB0288,2023-06-22,Business,149,Organic Search,2023-06
SUB0289,2023-01-26,Business,149,Paid Ads,2023-01
SUB0290,2023-07-15,Basic,29,Organic Search,2023-07
SUB0291,2022-05-08,Pro,79,Paid Ads,2022-05
SUB0292,2022-05-21,Basic,29,Organic Search,2022-05
SUB0293,2023-10-24,Pro,79,Paid Ads,2023-10
SUB0294,2023-03-14,Pro,79,Referral,2023-03
SUB0295,2022-09-17,Business,149,Paid Ads,2022-09
SUB0296,2023-06-11,Pro,79,Organic Search,2023-06
SUB0297,2023-10-02,Business,149,Paid Ads,2023-10
SUB0298,2022-12-05,Enterprise,399,Organic Search,2022-12
SUB0299,2023-07-30,Pro,79,Referral,2023-07
SUB0300,2022-08-01,Pro,79,Social Media,2022-08
SUB0301,2022-06-15,Basic,29,Paid Ads,2022-06
SUB0302,2023-06-16,Basic,29,Paid Ads,2023-06
SUB0303,2023-06-21,Basic,29,Referral,2023-06
SUB0304,2023-08-06,Business,149,Direct,2023-08
SUB0305,2023-09-14,Business,149,Direct,2023-09
SUB0306,2023-12-22,Business,149,Referral,2023-12
SUB0307,2023-06-08,Pro,79,Referral,2023-06
SUB0308,2023-02-19,Basic,29,Referral,2023-02
SUB0309,2023-10-13,Basic,29,Social Media,2023-10
SUB0310,2023-01-15,Business,149,Organic Search,2023-01
SUB0311,2023-04-28,Pro,79,Referral,2023-04
SUB0312,2022-07-24,Pro,79,Social Media,2022-07
SUB0313,2022-04-27,Pro,79,Social Media,2022-04
SUB0314,2023-12-17,Basic,29,Direct,2023-12
SUB0315,2023-10-29,Enterprise,399,Referral,2023-10
SUB0316,2023-09-01,Pro,79,Direct,2023-09
SUB0317,2023-04-12,Business,149,Social Media,2023-04
SUB0318,2022-10-31,Pro,79,Direct,2022-10
SUB0319,2022-10-16,Basic,29,Paid Ads,2022-10
SUB0320,2022-12-31,Business,149,Organic Search,2022-12
SUB0321,2023-06-25,Basic,29,Social Media,2023-06
SUB0322,2023-09-09,Basic,29,Social Media,2023-09
SUB0323,2023-08-16,Pro,79,Social Media,2023-08
SUB0324,2023-01-21,Basic,29,Social Media,2023-01
SUB0325,2023-12-14,Business,149,Paid Ads,2023-12
SUB0326,2023-09-19,Pro,79,Referral,2023-09
SUB0327,2023-06-27,Business,149,Referral,2023-06
SUB0328,2023-07-25,Basic,29,Direct,2023-07
SUB0329,2023-04-18,Pro,79,Referral,2023-04
SUB0330,2022-12-29,Pro,79,Direct,2022-12
SUB0331,2023-03-11,Business,149,Organic Search,2023-03
SUB0332,2023-09-27,Basic,29,Social Media,2023-09
SUB0333,2022-03-29,Pro,79,Paid Ads,2022-03
SUB0334,2022-09-06,Pro,79,Social Media,2022-09
SUB0335,2022-06-06,Pro,79,Organic Search,2022-06
SUB0336,2022-05-28,Basic,29,Paid Ads,2022-05
SUB0337,2023-11-06,Pro,79,Paid Ads,2023-11
SUB0338,2023-09-04,Basic,29,Direct,2023-09
SUB0339,2023-05-17,Basic,29,Direct,2023-05
SUB0340,2022-08-17,Pro,79,Social Media,2022-08
SUB0341,2023-05-27,Enterprise,399,Direct,2023-05
SUB0342,2023-05-17,Basic,29,Social Media,2023-05
SUB0343,2022-10-31,Basic,29,Referral,2022-10
SUB0344,2023-04-26,Basic,29,Paid Ads,2023-04
SUB0345,2023-04-06,Basic,29,Direct,2023-04
SUB0346,2023-07-27,Enterprise,399,Paid Ads,2023-07
SUB0347,2023-08-04,Basic,29,Social Media,2023-08
SUB0348,2022-06-05,Basic,29,Direct,2022-06
SUB0349,2023-03-23,Enterprise,399,Direct,2023-03
SUB0350,2023-07-31,Pro,79,Organic Search,2023-07
SUB0351,2023-06-02,Business,149,Referral,2023-06
SUB0352,2023-11-06,Basic,29,Paid Ads,2023-11
SUB0353,2023-08-15,Basic,29,Direct,2023-08
SUB0354,2022-10-22,Basic,29,Organic Search,2022-10
SUB0355,2022-07-13,Enterprise,399,Direct,2022-07
SUB0356,2023-08-08,Basic,29,Paid Ads,2023-08
SUB0357,2022-04-29,Pro,79,Social Media,2022-04
SUB0358,2023-07-12,Basic,29,Organic Search,2023-07
SUB0359,2023-12-08,Pro,79,Social Media,2023-12
SUB0360,2023-07-08,Pro,79,Referral,2023-07
SUB0361,2023-03-31,Basic,29,Organic Search,2023-03
SUB0362,2023-08-08,Basic,29,Social Media,2023-08
SUB0363,2023-05-09,Basic,29,Organic Search,2023-05
SUB0364,2023-06-23,Pro,79,Organic Search,2023-06
SUB0365,2023-12-09,Pro,79,Organic Search,2023-12
SUB0366,2023-03-29,Basic,29,Direct,2023-03
SUB0367,2023-12-16,Business,149,Organic Search,2023-12
SUB0368,2023-11-25,Enterprise,399,Organic Search,2023-11
SUB0369,2022-11-19,Pro,79,Social Media,2022-11
SUB0370,2022-07-11,Pro,79,Direct,2022-07
SUB0371,2022-08-20,Basic,29,Direct,2022-08
SUB0372,2022-04-09,Basic,29,Social Media,2022-04
SUB0373,2022-08-13,Basic,29,Direct,2022-08
SUB0374,2023-08-26,Enterprise,399,Referral,2023-08
SUB0375,2022-07-14,Pro,79,Organic Search,2022-07
SUB0376,2023-02-16,Pro,79,Organic Search,2023-02
SUB0377,2023-11-02,Business,149,Paid Ads,2023-11
SUB0378,2022-04-22,Pro,79,Referral,2022-04
SUB0379,2023-10-20,Pro,79,Paid Ads,2023-10
SUB0380,2023-01-23,Basic,29,Direct,2023-01
SUB0381,2022-09-08,Basic,29,Organic Search,2022-09
SUB0382,2023-09-01,Pro,79,Direct,2023-09
SUB0383,2023-08-02,Pro,79,Organic Search,2023-08
SUB0384,2023-11-14,Basic,29,Referral,2023-11
SUB0385,2023-09-18,Pro,79,Social Media,2023-09
SUB0386,2023-10-16,Basic,29,Paid Ads,2023-10
SUB0387,2023-01-23,Business,149,Direct,2023-01
SUB0388,2022-11-04,Pro,79,Paid Ads,2022-11
SUB0389,2023-09-24,Pro,79,Direct,2023-09
SUB0390,2023-10-17,Basic,29,Paid Ads,2023-10
SUB0391,2023-12-27,Business,149,Paid Ads,2023-12
SUB0392,2023-04-14,Basic,29,Paid Ads,2023-04
SUB0393,2023-03-21,Business,149,Direct,2023-03
SUB0394,2023-10-05,Pro,79,Direct,2023-10
SUB0395,2023-03-02,Business,149,Social Media,2023-03
SUB0396,2023-12-05,Basic,29,Referral,2023-12
SUB0397,2023-11-07,Pro,79,Referral,2023-11
SUB0398,2023-04-23,Pro,79,Social Media,2023-04
SUB0399,2023-09-24,Pro,79,Direct,2023-09
SUB0400,2023-09-26,Basic,29,Social Media,2023-09
SUB0401,2022-08-23,Pro,79,Direct,2022-08
SUB0402,2023-11-24,Basic,29,Organic Search,2023-11
SUB0403,2023-06-03,Basic,29,Direct,2023-06
SUB0404,2023-10-25,Pro,79,Organic Search,2023-10
SUB0405,2023-02-17,Enterprise,399,Referral,2023-02
SUB0406,2023-11-21,Pro,79,Paid Ads,2023-11
SUB0407,2023-03-31,Pro,79,Social Media,2023-03
SUB0408,2022-03-17,Business,149,Paid Ads,2022-03
SUB0409,2023-11-25,Enterprise,399,Social Media,2023-11
SUB0410,2022-08-09,Pro,79,Social Media,2022-08
SUB0411,2023-02-16,Enterprise,399,Social Media,2023-02
SUB0412,2023-12-12,Basic,29,Referral,2023-12
SUB0413,2023-12-12,Basic,29,Organic Search,2023-12
SUB0414,2023-07-07,Business,149,Referral,2023-07
SUB0415,2023-08-03,Pro,79,Social Media,2023-08
SUB0416,2023-05-04,Basic,29,Social Media,2023-05
SUB0417,2023-01-30,Business,149,Direct,2023-01
SUB0418,2023-02-22,Basic,29,Organic Search,2023-02
SUB0419,2023-08-21,Basic,29,Referral,2023-08
SUB0420,2023-09-25,Basic,29,Social Media,2023-09
SUB0421,2023-10-11,Business,149,Organic Search,2023-10
SUB0422,2023-10-10,Pro,79,Direct,2023-10
SUB0423,2022-08-09,Pro,79,Organic Search,2022-08
SUB0424,2023-05-28,Basic,29,Referral,2023-05
SUB0425,2022-06-24,Pro,79,Social Media,2022-06
SUB0426,2023-06-25,Pro,79,Organic Search,2023-06
SUB0427,2023-04-30,Basic,29,Direct,2023-04
SUB0428,2023-11-18,Basic,29,Referral,2023-11
SUB0429,2023-03-08,Pro,79,Social Media,2023-03
SUB0430,2022-09-07,Basic,29,Direct,2022-09
SUB0431,2022-10-03,Business,149,Paid Ads,2022-10
SUB0432,2023-09-29,Basic,29,Organic Search,2023-09
SUB0433,2023-07-28,Pro,79,Organic Search,2023-07
SUB0434,2022-08-20,Basic,29,Organic Search,2022-08
SUB0435,2022-07-31,Pro,79,Organic Search,2022-07
SUB0436,2023-09-03,Pro,79,Paid Ads,2023-09
SUB0437,2022-07-16,Pro,79,Referral,2022-07
SUB0438,2023-10-23,Pro,79,Referral,2023-10
SUB0439,2023-09-05,Pro,79,Social Media,2023-09
SUB0440,2022-07-27,Enterprise,399,Paid Ads,2022-07
SUB0441,2022-08-01,Pro,79,Paid Ads,2022-08
SUB0442,2023-12-26,Basic,29,Direct,2023-12
SUB0443,2023-03-22,Pro,79,Paid Ads,2023-03
SUB0444,2023-03-20,Business,149,Referral,2023-03
SUB0445,2023-10-20,Business,149,Social Media,2023-10
SUB0446,2023-12-11,Basic,29,Direct,2023-12
SUB0447,2023-12-25,Basic,29,Organic Search,2023-12
SUB0448,2023-09-25,Basic,29,Referral,2023-09
SUB0449,2023-03-24,Business,149,Direct,2023-03
SUB0450,2022-07-30,Enterprise,399,Social Media,2022-07
SUB0451,2023-10-05,Business,149,Social Media,2023-10
SUB0452,2023-06-29,Pro,79,Referral,2023-06
SUB0453,2023-04-20,Basic,29,Direct,2023-04
SUB0454,2023-11-26,Basic,29,Referral,2023-11
SUB0455,2022-09-01,Business,149,Paid Ads,2022-09
SUB0456,2023-05-27,Pro,79,Paid Ads,2023-05
SUB0457,2022-03-19,Business,149,Social Media,2022-03
SUB0458,2023-05-15,Basic,29,Social Media,2023-05
SUB0459,2022-06-22,Pro,79,Social Media,2022-06
SUB0460,2022-09-09,Basic,29,Paid Ads,2022-09
SUB0461,2022-09-07,Pro,79,Organic Search,2022-09
SUB0462,2023-08-11,Basic,29,Direct,2023-08
SUB0463,2023-09-22,Basic,29,Organic Search,2023-09
SUB0464,2023-07-11,Business,149,Social Media,2023-07
SUB0465,2023-12-17,Basic,29,Social Media,2023-12
SUB0466,2023-03-23,Basic,29,Paid Ads,2023-03
SUB0467,2023-01-25,Pro,79,Paid Ads,2023-01
SUB0468,2023-11-11,Basic,29,Referral,2023-11
SUB0469,2022-12-11,Basic,29,Social Media,2022-12
SUB0470,2023-12-17,Pro,79,Referral,2023-12
SUB0471,2022-03-22,Business,149,Direct,2022-03
SUB0472,2023-12-19,Basic,29,Referral,2023-12
SUB0473,2022-06-01,Pro,79,Social Media,2022-06
SUB0474,2023-11-20,Business,149,Organic Search,2023-11
SUB0475,2023-06-14,Pro,79,Paid Ads,2023-06
SUB0476,2023-12-28,Pro,79,Referral,2023-12
SUB0477,2022-07-18,Enterprise,399,Organic Search,2022-07
SUB0478,2023-06-27,Pro,79,Organic Search,2023-06
SUB0479,2023-12-19,Business,149,Organic Search,2023-12
SUB0480,2023-06-12,Pro,79,Referral,2023-06
SUB0481,2023-08-02,Business,149,Organic Search,2023-08
SUB0482,2023-09-01,Basic,29,Organic Search,2023-09
SUB0483,2023-05-07,Basic,29,Referral,2023-05
SUB0484,2023-08-01,Pro,79,Paid Ads,2023-08
SUB0485,2023-07-12,Pro,79,Direct,2023-07
SUB0486,2023-11-24,Pro,79,Paid Ads,2023-11
SUB0487,2022-06-05,Basic,29,Organic Search,2022-06
SUB0488,2023-01-22,Pro,79,Social Media,2023-01
SUB0489,2023-12-12,Pro,79,Paid Ads,2023-12
SUB0490,2023-11-19,Pro,79,Direct,2023-11
SUB0491,2023-05-08,Basic,29,Social Media,2023-05
SUB0492,2023-07-29,Pro,79,Social Media,2023-07
SUB0493,2023-01-19,Basic,29,Organic Search,2023-01
SUB0494,2022-11-13,Business,149,Social Media,2022-11
SUB0495,2023-05-12,Business,149,Direct,2023-05
SUB0496,2023-03-10,Basic,29,Social Media,2023-03
SUB0497,2023-07-11,Business,149,Direct,2023-07
SUB0498,2022-07-23,Basic,29,Social Media,2022-07
SUB0499,2023-12-21,Pro,79,Social Media,2023-12
SUB0500,2023-12-25,Business,149,Paid Ads,2023-12
SUB0501,2023-09-02,Enterprise,399,Social Media,2023-09
SUB0502,2023-06-18,Basic,29,Social Media,2023-06
SUB0503,2023-02-10,Pro,79,Direct,2023-02
SUB0504,2023-10-20,Basic,29,Referral,2023-10
SUB0505,2023-08-27,Basic,29,Social Media,2023-08
SUB0506,2022-10-21,Basic,29,Direct,2022-10
SUB0507,2023-11-27,Business,149,Organic Search,2023-11
SUB0508,2023-10-24,Business,149,Social Media,2023-10
SUB0509,2023-12-12,Business,149,Referral,2023-12
SUB0510,2023-09-14,Business,149,Paid Ads,2023-09
SUB0511,2023-07-25,Pro,79,Referral,2023-07
SUB0512,2023-04-17,Basic,29,Paid Ads,2023-04
SUB0513,2023-12-06,Pro,79,Paid Ads,2023-12
SUB0514,2023-11-10,Pro,79,Organic Search,2023-11
SUB0515,2022-06-05,Basic,29,Social Media,2022-06
SUB0516,2022-04-29,Basic,29,Referral,2022-04
SUB0517,2023-03-24,Pro,79,Organic Search,2023-03
SUB0518,2023-10-19,Business,149,Referral,2023-10
SUB0519,2023-12-26,Pro,79,Paid Ads,2023-12
SUB0520,2022-10-10,Basic,29,Direct,2022-10
SUB0521,2023-07-16,Business,149,Referral,2023-07
SUB0522,2023-03-26,Pro,79,Referral,2023-03
SUB0523,2023-12-19,Business,149,Referral,2023-12
SUB0524,2023-10-31,Business,149,Social Media,2023-10
SUB0525,2023-10-30,Enterprise,399,Referral,2023-10
SUB0526,2023-05-15,Pro,79,Referral,2023-05
SUB0527,2023-04-15,Business,149,Social Media,2023-04
SUB0528,2023-01-17,Enterprise,399,Paid Ads,2023-01
SUB0529,2022-06-23,Business,149,Paid Ads,2022-06
SUB0530,2023-11-09,Business,149,Social Media,2023-11
SUB0531,2023-10-20,Enterprise,399,Direct,2023-10
SUB0532,2023-12-30,Basic,29,Social Media,2023-12
SUB0533,2023-12-29,Basic,29,Direct,2023-12
SUB0534,2023-06-28,Basic,29,Referral,2023-06
SUB0535,2023-10-02,Pro,79,Referral,2023-10
SUB0536,2023-12-10,Pro,79,Referral,2023-12
SUB0537,2023-11-03,Basic,29,Paid Ads,2023-11
SUB0538,2022-12-29,Pro,79,Direct,2022-12
SUB0539,2023-05-05,Business,149,Direct,2023-05
SUB0540,2022-09-19,Basic,29,Direct,2022-09
SUB0541,2023-12-14,Basic,29,Organic Search,2023-12
SUB0542,2023-07-22,Pro,79,Social Media,2023-07
SUB0543,2022-12-15,Business,149,Referral,2022-12
SUB0544,2023-08-21,Pro,79,Organic Search,2023-08
SUB0545,2023-07-28,Basic,29,Organic Search,2023-07
SUB0546,2023-03-13,Basic,29,Social Media,2023-03
SUB0547,2022-09-03,Basic,29,Paid Ads,2022-09
SUB0548,2023-08-21,Business,149,Paid Ads,2023-08
SUB0549,2023-06-10,Basic,29,Referral,2023-06
SUB0550,2023-10-03,Pro,79,Direct,2023-10
SUB0551,2023-06-10,Pro,79,Paid Ads,2023-06
SUB0552,2023-11-04,Business,149,Organic Search,2023-11
SUB0553,2023-06-26,Business,149,Direct,2023-06
SUB0554,2023-06-30,Pro,79,Referral,2023-06
SUB0555,2023-11-14,Basic,29,Referral,2023-11
SUB0556,2023-04-09,Basic,29,Social Media,2023-04
SUB0557,2022-09-24,Enterprise,399,Referral,2022-09
SUB0558,2022-05-04,Basic,29,Referral,2022-05
SUB0559,2023-09-26,Pro,79,Referral,2023-09
SUB0560,2023-07-29,Basic,29,Referral,2023-07
SUB0561,2023-09-04,Basic,29,Organic Search,2023-09
SUB0562,2022-12-03,Business,149,Social Media,2022-12
SUB0563,2022-09-27,Basic,29,Paid Ads,2022-09
SUB0564,2022-03-29,Pro,79,Direct,2022-03
SUB0565,2023-03-08,Enterprise,399,Organic Search,2023-03
SUB0566,2023-07-14,Business,149,Paid Ads,2023-07
SUB0567,2023-04-02,Enterprise,399,Direct,2023-04
SUB0568,2023-04-28,Basic,29,Direct,2023-04
SUB0569,2023-11-25,Basic,29,Paid Ads,2023-11
SUB0570,2023-03-07,Business,149,Paid Ads,2023-03
SUB0571,2023-06-07,Basic,29,Paid Ads,2023-06
SUB0572,2023-10-08,Business,149,Direct,2023-10
SUB0573,2023-04-05,Basic,29,Paid Ads,2023-04
SUB0574,2023-07-29,Enterprise,399,Direct,2023-07
SUB0575,2023-11-08,Basic,29,Paid Ads,2023-11
SUB0576,2023-12-12,Basic,29,Organic Search,2023-12
SUB0577,2022-10-07,Basic,29,Referral,2022-10
SUB0578,2023-12-03,Business,149,Paid Ads,2023-12
SUB0579,2023-05-27,Pro,79,Organic Search,2023-05
SUB0580,2023-01-06,Basic,29,Organic Search,2023-01
SUB0581,2023-05-09,Basic,29,Social Media,2023-05
SUB0582,2023-12-23,Pro,79,Organic Search,2023-12
SUB0583,2023-05-27,Pro,79,Referral,2023-05
SUB0584,2023-02-22,Pro,79,Organic Search,2023-02
SUB0585,2023-08-04,Pro,79,Paid Ads,2023-08
SUB0586,2022-12-24,Business,149,Organic Search,2022-12
SUB0587,2022-07-20,Pro,79,Direct,2022-07
SUB0588,2022-09-19,Basic,29,Organic Search,2022-09
SUB0589,2022-09-18,Basic,29,Social Media,2022-09
SUB0590,2022-10-12,Business,149,Social Media,2022-10
SUB0591,2022-09-29,Pro,79,Social Media,2022-09
SUB0592,2023-08-07,Pro,79,Social Media,2023-08
SUB0593,2022-11-07,Basic,29,Organic Search,2022-11
SUB0594,2023-03-05,Basic,29,Paid Ads,2023-03
SUB0595,2023-11-22,Basic,29,Referral,2023-11
SUB0596,2023-05-17,Pro,79,Direct,2023-05
SUB0597,2023-08-19,Pro,79,Referral,2023-08
SUB0598,2022-10-30,Basic,29,Direct,2022-10
SUB0599,2022-11-16,Pro,79,Social Media,2022-11
SUB0600,2022-05-28,Pro,79,Social Media,2022-05
SUB0601,2022-10-27,Basic,29,Organic Search,2022-10
SUB0602,2023-01-20,Business,149,Direct,2023-01
SUB0603,2022-11-03,Pro,79,Paid Ads,2022-11
SUB0604,2022-08-06,Pro,79,Paid Ads,2022-08
SUB0605,2022-09-11,Pro,79,Social Media,2022-09
SUB0606,2023-05-10,Basic,29,Organic Search,2023-05
SUB0607,2022-11-28,Basic,29,Referral,2022-11
SUB0608,2023-03-16,Pro,79,Referral,2023-03
SUB0609,2023-06-02,Enterprise,399,Social Media,2023-06
SUB0610,2023-08-29,Basic,29,Organic Search,2023-08
SUB0611,2022-05-25,Basic,29,Organic Search,2022-05
SUB0612,2023-10-14,Pro,79,Referral,2023-10
SUB0613,2023-08-01,Business,149,Direct,2023-08
SUB0614,2022-07-28,Basic,29,Direct,2022-07
SUB0615,2023-11-13,Pro,79,Organic Search,2023-11
SUB0616,2023-12-01,Pro,79,Social Media,2023-12
SUB0617,2022-06-30,Business,149,Organic Search,2022-06
SUB0618,2023-01-19,Enterprise,399,Direct,2023-01
SUB0619,2023-10-17,Basic,29,Organic Search,2023-10
SUB0620,2023-09-23,Pro,79,Paid Ads,2023-09
SUB0621,2022-11-10,Basic,29,Social Media,2022-11
SUB0622,2022-11-30,Basic,29,Organic Search,2022-11
SUB0623,2023-03-20,Basic,29,Direct,2023-03
SUB0624,2023-05-23,Basic,29,Referral,2023-05
SUB0625,2023-07-28,Pro,79,Social Media,2023-07
SUB0626,2023-03-19,Business,149,Direct,2023-03
SUB0627,2023-05-11,Pro,79,Direct,2023-05
SUB0628,2023-09-23,Basic,29,Referral,2023-09
SUB0629,2022-05-20,Basic,29,Referral,2022-05
SUB0630,2023-01-02,Pro,79,Referral,2023-01
SUB0631,2023-09-08,Business,149,Referral,2023-09
SUB0632,2023-11-21,Basic,29,Paid Ads,2023-11
SUB0633,2023-06-06,Pro,79,Social Media,2023-06
SUB0634,2023-06-16,Basic,29,Organic Search,2023-06
SUB0635,2022-08-27,Basic,29,Direct,2022-08
SUB0636,2023-05-03,Basic,29,Social Media,2023-05
SUB0637,2023-06-17,Pro,79,Paid Ads,2023-06
SUB0638,2022-12-25,Basic,29,Referral,2022-12
SUB0639,2023-01-14,Business,149,Direct,2023-01
SUB0640,2023-03-24,Pro,79,Organic Search,2023-03
SUB0641,2022-04-14,Basic,29,Direct,2022-04
SUB0642,2023-02-18,Basic,29,Organic Search,2023-02
SUB0643,2022-12-02,Basic,29,Social Media,2022-12
SUB0644,2023-02-22,Pro,79,Social Media,2023-02
SUB0645,2022-09-10,Pro,79,Paid Ads,2022-09
SUB0646,2023-11-19,Business,149,Organic Search,2023-11
SUB0647,2023-07-16,Basic,29,Organic Search,2023-07
SUB0648,2023-08-24,Basic,29,Direct,2023-08
SUB0649,2023-10-10,Pro,79,Referral,2023-10
SUB0650,2023-05-30,Basic,29,Social Media,2023-05
SUB0651,2022-08-03,Enterprise,399,Organic Search,2022-08
SUB0652,2023-06-19,Basic,29,Referral,2023-06
SUB0653,2023-07-13,Business,149,Paid Ads,2023-07
SUB0654,2023-09-22,Business,149,Referral,2023-09
SUB0655,2023-04-24,Basic,29,Organic Search,2023-04
SUB0656,2022-09-18,Pro,79,Social Media,2022-09
SUB0657,2023-01-24,Basic,29,Social Media,2023-01
SUB0658,2023-03-16,Pro,79,Paid Ads,2023-03
SUB0659,2023-08-09,Pro,79,Referral,2023-08
SUB0660,2023-07-05,Basic,29,Organic Search,2023-07
SUB0661,2023-03-12,Pro,79,Social Media,2023-03
SUB0662,2023-12-26,Business,149,Referral,2023-12
SUB0663,2023-07-22,Pro,79,Direct,2023-07
SUB0664,2022-12-22,Pro,79,Social Media,2022-12
SUB0665,2022-08-21,Basic,29,Social Media,2022-08
SUB0666,2022-10-13,Basic,29,Referral,2022-10
SUB0667,2022-12-28,Basic,29,Direct,2022-12
SUB0668,2022-10-20,Pro,79,Referral,2022-10
SUB0669,2022-11-11,Basic,29,Organic Search,2022-11
SUB0670,2023-01-25,Basic,29,Direct,2023-01
SUB0671,2022-10-31,Pro,79,Organic Search,2022-10
SUB0672,2023-11-22,Basic,29,Referral,2023-11
SUB0673,2022-07-26,Pro,79,Paid Ads,2022-07
SUB0674,2023-06-12,Basic,29,Paid Ads,2023-06
SUB0675,2023-04-13,Basic,29,Organic Search,2023-04
SUB0676,2023-12-24,Pro,79,Paid Ads,2023-12
SUB0677,2022-09-02,Business,149,Referral,2022-09
SUB0678,2023-04-05,Basic,29,Paid Ads,2023-04
SUB0679,2023-12-19,Basic,29,Paid Ads,2023-12
SUB0680,2023-11-10,Basic,29,Paid Ads,2023-11
SUB0681,2023-10-21,Pro,79,Organic Search,2023-10
SUB0682,2023-01-06,Basic,29,Social Media,2023-01
SUB0683,2022-10-29,Pro,79,Direct,2022-10
SUB0684,2023-08-20,Business,149,Social Media,2023-08
SUB0685,2023-12-04,Pro,79,Direct,2023-12
SUB0686,2023-06-28,Pro,79,Direct,2023-06
SUB0687,2023-07-06,Basic,29,Referral,2023-07
SUB0688,2023-01-21,Basic,29,Organic Search,2023-01
SUB0689,2023-10-02,Pro,79,Referral,2023-10
SUB0690,2022-11-12,Business,149,Direct,2022-11
SUB0691,2023-02-19,Basic,29,Direct,2023-02
SUB0692,2023-04-21,Basic,29,Social Media,2023-04
SUB0693,2023-06-04,Pro,79,Organic Search,2023-06
SUB0694,2022-12-25,Basic,29,Referral,2022-12
SUB0695,2022-09-05,Basic,29,Organic Search,2022-09
SUB0696,2023-07-24,Pro,79,Direct,2023-07
SUB0697,2023-01-27,Basic,29,Direct,2023-01
SUB0698,2023-07-10,Pro,79,Organic Search,2023-07
SUB0699,2022-10-14,Pro,79,Direct,2022-10
SUB0700,2023-05-21,Pro,79,Referral,2023-05
SUB0701,2023-06-17,Pro,79,Direct,2023-06
SUB0702,2022-06-15,Basic,29,Organic Search,2022-06
SUB0703,2023-02-27,Pro,79,Referral,2023-02
SUB0704,2022-09-25,Enterprise,399,Organic Search,2022-09
SUB0705,2022-07-03,Pro,79,Paid Ads,2022-07
SUB0706,2023-12-27,Basic,29,Social Media,2023-12
SUB0707,2023-02-18,Enterprise,399,Direct,2023-02
SUB0708,2023-10-19,Pro,79,Paid Ads,2023-10
SUB0709,2023-01-03,Basic,29,Referral,2023-01
SUB0710,2023-08-25,Basic,29,Referral,2023-08
SUB0711,2023-09-28,Pro,79,Organic Search,2023-09
SUB0712,2023-07-17,Business,149,Referral,2023-07
SUB0713,2023-05-16,Basic,29,Organic Search,2023-05
SUB0714,2023-04-13,Pro,79,Social Media,2023-04
SUB0715,2023-03-07,Basic,29,Direct,2023-03
SUB0716,2023-12-04,Business,149,Referral,2023-12
SUB0717,2023-10-27,Basic,29,Paid Ads,2023-10
SUB0718,2023-12-18,Business,149,Referral,2023-12
SUB0719,2022-09-15,Enterprise,399,Social Media,2022-09
SUB0720,2023-09-16,Basic,29,Organic Search,2023-09
SUB0721,2023-12-08,Basic,29,Social Media,2023-12
SUB0722,2022-11-07,Pro,79,Referral,2022-11
SUB0723,2022-07-07,Business,149,Direct,2022-07
SUB0724,2023-09-20,Basic,29,Social Media,2023-09
SUB0725,2023-07-07,Pro,79,Organic Search,2023-07
SUB0726,2023-10-31,Basic,29,Paid Ads,2023-10
SUB0727,2022-09-30,Enterprise,399,Referral,2022-09
SUB0728,2023-10-13,Business,149,Social Media,2023-10
SUB0729,2022-11-24,Basic,29,Paid Ads,2022-11
SUB0730,2022-10-22,Basic,29,Referral,2022-10
SUB0731,2022-10-23,Business,149,Organic Search,2022-10
SUB0732,2023-10-20,Pro,79,Direct,2023-10
SUB0733,2023-08-18,Business,149,Direct,2023-08
SUB0734,2023-06-12,Basic,29,Referral,2023-06
SUB0735,2023-03-13,Business,149,Direct,2023-03
SUB0736,2023-11-14,Basic,29,Social Media,2023-11
SUB0737,2023-04-02,Basic,29,Paid Ads,2023-04
SUB0738,2023-10-21,Business,149,Direct,2023-10
SUB0739,2023-04-29,Business,149,Paid Ads,2023-04
SUB0740,2023-03-24,Pro,79,Organic Search,2023-03
SUB0741,2023-05-11,Pro,79,Paid Ads,2023-05
SUB0742,2023-02-05,Enterprise,399,Direct,2023-02
SUB0743,2023-09-23,Basic,29,Social Media,2023-09
SUB0744,2023-06-01,Basic,29,Paid Ads,2023-06
SUB0745,2022-12-18,Basic,29,Social Media,2022-12
SUB0746,2023-11-23,Business,149,Paid Ads,2023-11
SUB0747,2023-03-28,Basic,29,Direct,2023-03
SUB0748,2023-06-22,Enterprise,399,Social Media,2023-06
SUB0749,2023-11-26,Business,149,Social Media,2023-11
SUB0750,2023-07-30,Pro,79,Social Media,2023-07
SUB0751,2022-09-07,Enterprise,399,Paid Ads,2022-09
SUB0752,2023-12-08,Business,149,Paid Ads,2023-12
SUB0753,2023-08-01,Business,149,Organic Search,2023-08
SUB0754,2023-02-26,Pro,79,Referral,2023-02
SUB0755,2022-09-30,Pro,79,Organic Search,2022-09
SUB0756,2023-10-12,Pro,79,Direct,2023-10
SUB0757,2023-07-29,Business,149,Referral,2023-07
SUB0758,2023-06-17,Basic,29,Paid Ads,2023-06
SUB0759,2023-11-21,Basic,29,Direct,2023-11
SUB0760,2023-10-10,Basic,29,Social Media,2023-10
SUB0761,2022-10-11,Basic,29,Paid Ads,2022-10
SUB0762,2023-02-12,Business,149,Referral,2023-02
SUB0763,2022-12-30,Business,149,Social Media,2022-12
SUB0764,2023-09-21,Basic,29,Direct,2023-09
SUB0765,2022-05-14,Basic,29,Social Media,2022-05
SUB0766,2023-07-05,Enterprise,399,Referral,2023-07
SUB0767,2023-09-29,Basic,29,Referral,2023-09
SUB0768,2023-11-14,Business,149,Referral,2023-11
SUB0769,2023-03-03,Business,149,Paid Ads,2023-03
SUB0770,2023-10-23,Basic,29,Social Media,2023-10
SUB0771,2022-08-31,Pro,79,Paid Ads,2022-08
SUB0772,2023-11-02,Business,149,Social Media,2023-11
SUB0773,2022-09-18,Pro,79,Organic Search,2022-09
SUB0774,2023-04-05,Business,149,Organic Search,2023-04
SUB0775,2023-10-13,Basic,29,Paid Ads,2023-10
SUB0776,2022-10-10,Pro,79,Direct,2022-10
SUB0777,2022-12-16,Pro,79,Organic Search,2022-12
SUB0778,2023-09-12,Business,149,Paid Ads,2023-09
SUB0779,2023-09-11,Basic,29,Organic Search,2023-09
SUB0780,2023-08-07,Basic,29,Direct,2023-08
SUB0781,2023-08-31,Pro,79,Organic Search,2023-08
SUB0782,2023-06-22,Business,149,Social Media,2023-06
SUB0783,2023-01-01,Pro,79,Organic Search,2023-01
SUB0784,2023-03-05,Pro,79,Direct,2023-03
SUB0785,2022-11-07,Basic,29,Paid Ads,2022-11
SUB0786,2023-11-26,Basic,29,Organic Search,2023-11
SUB0787,2023-07-11,Pro,79,Paid Ads,2023-07
SUB0788,2023-04-07,Pro,79,Paid Ads,2023-04
SUB0789,2023-05-11,Pro,79,Organic Search,2023-05
SUB0790,2023-12-11,Pro,79,Referral,2023-12
SUB0791,2022-10-13,Basic,29,Direct,2022-10
SUB0792,2023-07-13,Pro,79,Direct,2023-07
SUB0793,2023-06-03,Pro,79,Social Media,2023-06
SUB0794,2023-07-25,Business,149,Organic Search,2023-07
SUB0795,2022-04-09,Pro,79,Referral,2022-04
SUB0796,2023-11-12,Basic,29,Organic Search,2023-11
SUB0797,2023-12-05,Basic,29,Organic Search,2023-12
SUB0798,2023-07-03,Basic,29,Organic Search,2023-07
SUB0799,2023-09-01,Business,149,Referral,2023-09
SUB0800,2023-12-02,Basic,29,Referral,2023-12
SUB0801,2023-09-06,Pro,79,Paid Ads,2023-09
SUB0802,2022-10-12,Business,149,Social Media,2022-10
SUB0803,2023-07-08,Enterprise,399,Social Media,2023-07
SUB0804,2023-07-22,Pro,79,Paid Ads,2023-07
SUB0805,2023-04-20,Basic,29,Social Media,2023-04
SUB0806,2023-09-18,Basic,29,Paid Ads,2023-09
SUB0807,2023-12-06,Basic,29,Paid Ads,2023-12
SUB0808,2023-12-03,Business,149,Referral,2023-12
SUB0809,2023-05-05,Business,149,Direct,2023-05
SUB0810,2022-09-03,Basic,29,Direct,2022-09
SUB0811,2023-12-25,Pro,79,Organic Search,2023-12
SUB0812,2023-10-30,Business,149,Paid Ads,2023-10
SUB0813,2022-09-15,Basic,29,Organic Search,2022-09
SUB0814,2023-12-01,Business,149,Referral,2023-12
SUB0815,2023-11-11,Basic,29,Referral,2023-11
SUB0816,2023-06-10,Pro,79,Social Media,2023-06
SUB0817,2023-07-15,Pro,79,Social Media,2023-07
SUB0818,2023-04-06,Basic,29,Paid Ads,2023-04
SUB0819,2022-06-20,Pro,79,Social Media,2022-06
SUB0820,2023-02-27,Basic,29,Direct,2023-02
SUB0821,2023-10-16,Basic,29,Organic Search,2023-10
SUB0822,2022-02-19,Pro,79,Organic Search,2022-02
SUB0823,2023-02-25,Pro,79,Paid Ads,2023-02
SUB0824,2023-04-06,Pro,79,Referral,2023-04
SUB0825,2023-06-19,Basic,29,Referral,2023-06
SUB0826,2023-12-01,Pro,79,Referral,2023-12
SUB0827,2023-03-06,Pro,79,Social Media,2023-03
SUB0828,2023-03-06,Basic,29,Social Media,2023-03
SUB0829,2023-09-19,Basic,29,Organic Search,2023-09
SUB0830,2023-05-06,Pro,79,Referral,2023-05
SUB0831,2022-12-12,Pro,79,Social Media,2022-12
SUB0832,2023-05-06,Basic,29,Organic Search,2023-05
SUB0833,2022-10-01,Basic,29,Social Media,2022-10
SUB0834,2022-11-03,Basic,29,Paid Ads,2022-11
SUB0835,2023-05-30,Enterprise,399,Paid Ads,2023-05
SUB0836,2023-04-17,Business,149,Social Media,2023-04
SUB0837,2023-11-29,Basic,29,Organic Search,2023-11
SUB0838,2023-03-15,Basic,29,Referral,2023-03
SUB0839,2023-07-10,Basic,29,Direct,2023-07
SUB0840,2023-08-03,Basic,29,Paid Ads,2023-08
SUB0841,2022-03-25,Pro,79,Referral,2022-03
SUB0842,2023-08-17,Basic,29,Organic Search,2023-08
SUB0843,2022-11-04,Pro,79,Direct,2022-11
SUB0844,2023-12-16,Basic,29,Referral,2023-12
SUB0845,2022-10-09,Pro,79,Paid Ads,2022-10
SUB0846,2023-04-15,Enterprise,399,Organic Search,2023-04
SUB0847,2022-08-01,Pro,79,Social Media,2022-08
SUB0848,2023-12-29,Pro,79,Direct,2023-12
SUB0849,2023-06-01,Basic,29,Referral,2023-06
SUB0850,2023-07-17,Pro,79,Paid Ads,2023-07
SUB0851,2022-07-08,Enterprise,399,Referral,2022-07
SUB0852,2023-09-24,Pro,79,Social Media,2023-09
SUB0853,2022-11-30,Basic,29,Paid Ads,2022-11
SUB0854,2023-11-22,Business,149,Social Media,2023-11
SUB0855,2022-11-27,Basic,29,Social Media,2022-11
SUB0856,2022-11-15,Enterprise,399,Referral,2022-11
SUB0857,2022-05-20,Pro,79,Organic Search,2022-05
SUB0858,2023-05-16,Pro,79,Referral,2023-05
SUB0859,2023-07-02,Business,149,Paid Ads,2023-07
SUB0860,2022-07-06,Pro,79,Paid Ads,2022-07
SUB0861,2023-10-04,Business,149,Direct,2023-10
SUB0862,2023-05-06,Basic,29,Paid Ads,2023-05
SUB0863,2023-06-12,Business,149,Paid Ads,2023-06
SUB0864,2023-04-29,Business,149,Organic Search,2023-04
SUB0865,2023-04-07,Basic,29,Direct,2023-04
SUB0866,2023-06-30,Basic,29,Direct,2023-06
SUB0867,2022-10-15,Basic,29,Organic Search,2022-10
SUB0868,2022-11-07,Basic,29,Social Media,2022-11
SUB0869,2023-11-08,Enterprise,399,Social Media,2023-11
SUB0870,2023-12-11,Pro,79,Social Media,2023-12
SUB0871,2023-03-22,Business,149,Organic Search,2023-03
SUB0872,2023-01-15,Basic,29,Referral,2023-01
SUB0873,2023-08-09,Pro,79,Social Media,2023-08
SUB0874,2023-04-12,Pro,79,Direct,2023-04
SUB0875,2022-04-27,Basic,29,Direct,2022-04
SUB0876,2022-10-16,Pro,79,Paid Ads,2022-10
SUB0877,2023-09-09,Business,149,Paid Ads,2023-09
SUB0878,2023-08-15,Pro,79,Organic Search,2023-08
SUB0879,2022-04-30,Business,149,Direct,2022-04
SUB0880,2022-12-10,Basic,29,Paid Ads,2022-12
SUB0881,2022-12-17,Basic,29,Paid Ads,2022-12
SUB0882,2023-08-21,Basic,29,Direct,2023-08
SUB0883,2022-04-13,Business,149,Organic Search,2022-04
SUB0884,2022-08-24,Basic,29,Direct,2022-08
SUB0885,2023-10-15,Basic,29,Referral,2023-10
SUB0886,2022-11-05,Pro,79,Organic Search,2022-11
SUB0887,2023-08-12,Pro,79,Paid Ads,2023-08
SUB0888,2022-12-22,Pro,79,Direct,2022-12
SUB0889,2022-08-18,Basic,29,Direct,2022-08
SUB0890,2022-12-26,Pro,79,Direct,2022-12
SUB0891,2023-09-12,Basic,29,Direct,2023-09
SUB0892,2023-11-06,Basic,29,Organic Search,2023-11
SUB0893,2023-10-27,Basic,29,Direct,2023-10
SUB0894,2023-04-05,Basic,29,Paid Ads,2023-04
SUB0895,2023-08-19,Business,149,Social Media,2023-08
SUB0896,2022-11-27,Pro,79,Organic Search,2022-11
SUB0897,2023-01-30,Pro,79,Direct,2023-01
SUB0898,2023-11-22,Basic,29,Referral,2023-11
SUB0899,2022-03-25,Pro,79,Social Media,2022-03
SUB0900,2022-08-02,Basic,29,Organic Search,2022-08
SUB0901,2022-11-29,Pro,79,Paid Ads,2022-11
SUB0902,2022-04-29,Pro,79,Social Media,2022-04
SUB0903,2022-11-07,Pro,79,Referral,2022-11
SUB0904,2023-07-11,Pro,79,Referral,2023-07
SUB0905,2023-04-19,Business,149,Referral,2023-04
SUB0906,2023-11-20,Pro,79,Referral,2023-11
SUB0907,2023-10-22,Enterprise,399,Paid Ads,2023-10
SUB0908,2023-03-03,Business,149,Direct,2023-03
SUB0909,2023-01-07,Pro,79,Referral,2023-01
SUB0910,2023-03-26,Basic,29,Organic Search,2023-03
SUB0911,2023-07-15,Basic,29,Paid Ads,2023-07
SUB0912,2023-01-13,Basic,29,Organic Search,2023-01
SUB0913,2023-07-30,Basic,29,Social Media,2023-07
SUB0914,2023-04-12,Business,149,Social Media,2023-04
SUB0915,2023-06-26,Basic,29,Paid Ads,2023-06
SUB0916,2023-04-27,Business,149,Direct,2023-04
SUB0917,2023-01-31,Pro,79,Paid Ads,2023-01
SUB0918,2023-12-11,Business,149,Social Media,2023-12
SUB0919,2023-09-30,Enterprise,399,Social Media,2023-09
SUB0920,2022-09-30,Pro,79,Referral,2022-09
SUB0921,2023-11-11,Pro,79,Organic Search,2023-11
SUB0922,2023-05-24,Business,149,Direct,2023-05
SUB0923,2023-11-21,Pro,79,Paid Ads,2023-11
SUB0924,2023-10-14,Basic,29,Referral,2023-10
SUB0925,2023-04-21,Basic,29,Referral,2023-04
SUB0926,2022-04-20,Pro,79,Social Media,2022-04
SUB0927,2023-01-13,Basic,29,Organic Search,2023-01
SUB0928,2023-06-21,Business,149,Social Media,2023-06
SUB0929,2023-08-04,Basic,29,Referral,2023-08
SUB0930,2023-01-06,Pro,79,Social Media,2023-01
SUB0931,2022-09-30,Basic,29,Social Media,2022-09
SUB0932,2023-10-29,Basic,29,Direct,2023-10
SUB0933,2023-12-25,Basic,29,Direct,2023-12
SUB0934,2023-06-13,Basic,29,Social Media,2023-06
SUB0935,2022-10-30,Pro,79,Direct,2022-10
SUB0936,2023-01-16,Basic,29,Direct,2023-01
SUB0937,2022-04-09,Pro,79,Organic Search,2022-04
SUB0938,2023-11-29,Basic,29,Organic Search,2023-11
SUB0939,2022-09-08,Basic,29,Referral,2022-09
SUB0940,2023-07-08,Pro,79,Referral,2023-07
SUB0941,2023-01-17,Business,149,Paid Ads,2023-01
SUB0942,2023-06-27,Pro,79,Social Media,2023-06
SUB0943,2023-08-12,Pro,79,Organic Search,2023-08
SUB0944,2023-10-27,Basic,29,Referral,2023-10
SUB0945,2022-11-28,Business,149,Direct,2022-11
SUB0946,2022-03-18,Pro,79,Direct,2022-03
SUB0947,2022-09-27,Business,149,Paid Ads,2022-09
SUB0948,2023-11-23,Basic,29,Direct,2023-11
SUB0949,2023-11-13,Basic,29,Social Media,2023-11
SUB0950,2023-07-18,Enterprise,399,Referral,2023-07
SUB0951,2023-07-19,Pro,79,Direct,2023-07
SUB0952,2023-08-18,Business,149,Direct,2023-08
SUB0953,2022-11-02,Pro,79,Direct,2022-11
SUB0954,2023-11-29,Basic,29,Organic Search,2023-11
SUB0955,2023-04-17,Basic,29,Organic Search,2023-04
SUB0956,2023-03-28,Enterprise,399,Direct,2023-03
SUB0957,2023-06-10,Basic,29,Organic Search,2023-06
SUB0958,2022-06-07,Pro,79,Referral,2022-06
SUB0959,2022-10-25,Enterprise,399,Direct,2022-10
SUB0960,2023-09-19,Pro,79,Organic Search,2023-09
SUB0961,2022-07-29,Pro,79,Paid Ads,2022-07
SUB0962,2023-07-21,Pro,79,Direct,2023-07
SUB0963,2022-12-28,Business,149,Social Media,2022-12
SUB0964,2023-03-31,Basic,29,Paid Ads,2023-03
SUB0965,2023-01-27,Basic,29,Organic Search,2023-01
SUB0966,2023-03-11,Basic,29,Social Media,2023-03
SUB0967,2023-09-11,Basic,29,Paid Ads,2023-09
SUB0968,2023-02-02,Pro,79,Paid Ads,2023-02
SUB0969,2023-07-03,Pro,79,Direct,2023-07
SUB0970,2023-05-18,Business,149,Organic Search,2023-05
SUB0971,2023-08-17,Pro,79,Direct,2023-08
SUB0972,2023-12-07,Basic,29,Referral,2023-12
SUB0973,2023-09-16,Enterprise,399,Social Media,2023-09
SUB0974,2022-12-04,Pro,79,Referral,2022-12
SUB0975,2022-05-09,Enterprise,399,Social Media,2022-05
SUB0976,2023-01-09,Business,149,Referral,2023-01
SUB0977,2023-07-17,Pro,79,Referral,2023-07
SUB0978,2022-06-15,Pro,79,Paid Ads,2022-06
SUB0979,2023-05-29,Enterprise,399,Referral,2023-05
SUB0980,2023-07-18,Pro,79,Paid Ads,2023-07
SUB0981,2023-02-26,Business,149,Referral,2023-02
SUB0982,2023-10-03,Business,149,Paid Ads,2023-10
SUB0983,2022-08-27,Pro,79,Social Media,2022-08
SUB0984,2022-07-19,Basic,29,Referral,2022-07
SUB0985,2023-09-15,Pro,79,Referral,2023-09
SUB0986,2023-05-29,Basic,29,Direct,2023-05
SUB0987,2023-08-28,Pro,79,Social Media,2023-08
SUB0988,2023-04-26,Business,149,Social Media,2023-04
SUB0989,2022-12-28,Business,149,Paid Ads,2022-12
SUB0990,2023-10-22,Basic,29,Referral,2023-10
SUB0991,2023-10-14,Enterprise,399,Organic Search,2023-10
SUB0992,2023-08-31,Basic,29,Social Media,2023-08
SUB0993,2023-01-16,Pro,79,Social Media,2023-01
SUB0994,2023-07-15,Basic,29,Direct,2023-07
SUB0995,2023-03-14,Basic,29,Direct,2023-03
SUB0996,2022-08-09,Pro,79,Paid Ads,2022-08
SUB0997,2023-11-30,Basic,29,Direct,2023-11
SUB0998,2022-09-27,Basic,29,Organic Search,2022-09
SUB0999,2023-12-12,Pro,79,Direct,2023-12
SUB1000,2023-05-02,Basic,29,Paid Ads,2023-05
SUB1001,2022-11-10,Basic,29,Social Media,2022-11
SUB1002,2023-06-21,Basic,29,Social Media,2023-06
SUB1003,2023-11-13,Basic,29,Paid Ads,2023-11
SUB1004,2023-09-16,Basic,29,Direct,2023-09
SUB1005,2023-10-17,Enterprise,399,Paid Ads,2023-10
SUB1006,2023-08-15,Pro,79,Social Media,2023-08
SUB1007,2023-08-30,Pro,79,Paid Ads,2023-08
SUB1008,2023-11-03,Business,149,Referral,2023-11
SUB1009,2022-12-31,Basic,29,Organic Search,2022-12
SUB1010,2023-05-26,Business,149,Organic Search,2023-05
SUB1011,2022-12-09,Pro,79,Paid Ads,2022-12
SUB1012,2023-12-26,Pro,79,Organic Search,2023-12
SUB1013,2023-12-10,Business,149,Paid Ads,2023-12
SUB1014,2022-05-25,Pro,79,Paid Ads,2022-05
SUB1015,2023-09-05,Business,149,Organic Search,2023-09
SUB1016,2023-12-03,Enterprise,399,Social Media,2023-12
SUB1017,2022-11-06,Business,149,Paid Ads,2022-11
SUB1018,2023-07-04,Business,149,Referral,2023-07
SUB1019,2023-11-29,Business,149,Organic Search,2023-11
SUB1020,2022-05-15,Basic,29,Direct,2022-05
SUB1021,2023-09-01,Basic,29,Referral,2023-09
SUB1022,2023-02-02,Basic,29,Direct,2023-02
SUB1023,2023-12-02,Pro,79,Paid Ads,2023-12
SUB1024,2023-12-20,Business,149,Social Media,2023-12
SUB1025,2023-12-10,Basic,29,Organic Search,2023-12
SUB1026,2023-05-18,Basic,29,Social Media,2023-05
SUB1027,2023-11-08,Pro,79,Paid Ads,2023-11
SUB1028,2023-11-01,Basic,29,Referral,2023-11
SUB1029,2023-02-16,Business,149,Direct,2023-02
SUB1030,2023-10-26,Pro,79,Paid Ads,2023-10
SUB1031,2022-05-21,Basic,29,Social Media,2022-05
SUB1032,2023-07-17,Business,149,Direct,2023-07
SUB1033,2022-12-16,Basic,29,Social Media,2022-12
SUB1034,2022-09-11,Pro,79,Paid Ads,2022-09
SUB1035,2022-07-22,Enterprise,399,Social Media,2022-07
SUB1036,2023-09-01,Basic,29,Paid Ads,2023-09
SUB1037,2023-03-01,Basic,29,Social Media,2023-03
SUB1038,2023-09-13,Basic,29,Referral,2023-09
SUB1039,2022-07-06,Enterprise,399,Referral,2022-07
SUB1040,2023-02-14,Pro,79,Direct,2023-02
SUB1041,2023-06-20,Basic,29,Referral,2023-06
SUB1042,2023-10-11,Pro,79,Organic Search,2023-10
SUB1043,2023-02-16,Pro,79,Social Media,2023-02
SUB1044,2023-07-31,Basic,29,Social Media,2023-07
SUB1045,2023-11-18,Pro,79,Referral,2023-11
SUB1046,2023-07-27,Pro,79,Referral,2023-07
SUB1047,2022-12-18,Basic,29,Paid Ads,2022-12
SUB1048,2022-04-24,Basic,29,Paid Ads,2022-04
SUB1049,2023-11-12,Pro,79,Social Media,2023-11
SUB1050,2022-04-17,Pro,79,Direct,2022-04
SUB1051,2023-11-13,Basic,29,Direct,2023-11
SUB1052,2023-06-15,Business,149,Direct,2023-06
SUB1053,2023-12-08,Business,149,Paid Ads,2023-12
SUB1054,2023-10-14,Business,149,Direct,2023-10
SUB1055,2023-12-30,Business,149,Organic Search,2023-12
SUB1056,2023-03-08,Pro,79,Direct,2023-03
SUB1057,2023-10-01,Pro,79,Organic Search,2023-10
SUB1058,2023-04-08,Business,149,Organic Search,2023-04
SUB1059,2023-05-21,Basic,29,Direct,2023-05
SUB1060,2023-08-01,Business,149,Paid Ads,2023-08
SUB1061,2023-11-13,Pro,79,Paid Ads,2023-11
SUB1062,2023-12-25,Basic,29,Direct,2023-12
SUB1063,2023-10-01,Pro,79,Paid Ads,2023-10
SUB1064,2023-04-17,Pro,79,Social Media,2023-04
SUB1065,2023-04-19,Basic,29,Direct,2023-04
SUB1066,2023-09-19,Pro,79,Organic Search,2023-09
SUB1067,2022-12-23,Pro,79,Direct,2022-12
SUB1068,2022-08-31,Pro,79,Direct,2022-08
SUB1069,2023-03-11,Basic,29,Social Media,2023-03
SUB1070,2023-01-26,Pro,79,Referral,2023-01
SUB1071,2023-02-01,Pro,79,Social Media,2023-02
SUB1072,2022-12-19,Basic,29,Organic Search,2022-12
SUB1073,2022-05-30,Pro,79,Direct,2022-05
SUB1074,2022-04-08,Basic,29,Social Media,2022-04
SUB1075,2023-12-26,Basic,29,Organic Search,2023-12
SUB1076,2023-04-22,Pro,79,Organic Search,2023-04
SUB1077,2023-03-28,Business,149,Organic Search,2023-03
SUB1078,2023-08-24,Enterprise,399,Social Media,2023-08
SUB1079,2022-12-07,Basic,29,Social Media,2022-12
SUB1080,2023-12-12,Basic,29,Paid Ads,2023-12
SUB1081,2023-10-09,Business,149,Social Media,2023-10
SUB1082,2022-08-06,Basic,29,Social Media,2022-08
SUB1083,2023-04-17,Pro,79,Social Media,2023-04
SUB1084,2023-11-15,Basic,29,Direct,2023-11
SUB1085,2023-12-10,Basic,29,Referral,2023-12
SUB1086,2023-05-14,Basic,29,Direct,2023-05
SUB1087,2023-07-25,Basic,29,Paid Ads,2023-07
SUB1088,2022-10-25,Pro,79,Paid Ads,2022-10
SUB1089,2023-12-27,Business,149,Organic Search,2023-12
SUB1090,2022-12-17,Enterprise,399,Social Media,2022-12
SUB1091,2023-12-09,Pro,79,Direct,2023-12
SUB1092,2023-08-11,Pro,79,Social Media,2023-08
SUB1093,2023-07-23,Business,149,Paid Ads,2023-07
SUB1094,2023-06-06,Pro,79,Paid Ads,2023-06
SUB1095,2022-12-17,Basic,29,Organic Search,2022-12
SUB1096,2022-11-03,Basic,29,Social Media,2022-11
SUB1097,2022-12-09,Pro,79,Organic Search,2022-12
SUB1098,2022-11-11,Basic,29,Organic Search,2022-11
SUB1099,2023-10-06,Basic,29,Organic Search,2023-10
SUB1100,2023-03-08,Pro,79,Organic Search,2023-03
SUB1101,2022-06-25,Basic,29,Organic Search,2022-06
SUB1102,2023-12-19,Pro,79,Paid Ads,2023-12
SUB1103,2023-11-17,Pro,79,Organic Search,2023-11
SUB1104,2023-12-04,Basic,29,Referral,2023-12
SUB1105,2023-12-29,Basic,29,Direct,2023-12
SUB1106,2022-10-31,Basic,29,Direct,2022-10
SUB1107,2023-04-04,Business,149,Referral,2023-04
SUB1108,2023-09-27,Basic,29,Paid Ads,2023-09
SUB1109,2023-09-01,Enterprise,399,Direct,2023-09
SUB1110,2022-10-13,Basic,29,Referral,2022-10
SUB1111,2023-10-21,Basic,29,Direct,2023-10
SUB1112,2022-12-12,Business,149,Paid Ads,2022-12
SUB1113,2022-12-11,Pro,79,Social Media,2022-12
SUB1114,2023-06-19,Pro,79,Organic Search,2023-06
SUB1115,2023-07-16,Enterprise,399,Social Media,2023-07
SUB1116,2023-07-10,Business,149,Referral,2023-07
SUB1117,2022-08-09,Pro,79,Social Media,2022-08
SUB1118,2023-11-14,Basic,29,Social Media,2023-11
SUB1119,2023-01-11,Basic,29,Direct,2023-01
SUB1120,2022-09-20,Pro,79,Paid Ads,2022-09
SUB1121,2023-11-19,Basic,29,Paid Ads,2023-11
SUB1122,2023-12-14,Business,149,Organic Search,2023-12
SUB1123,2023-11-08,Pro,79,Social Media,2023-11
SUB1124,2023-10-18,Pro,79,Paid Ads,2023-10
SUB1125,2023-08-14,Basic,29,Referral,2023-08
SUB1126,2023-06-26,Basic,29,Organic Search,2023-06
SUB1127,2022-08-04,Business,149,Referral,2022-08
SUB1128,2023-04-11,Basic,29,Paid Ads,2023-04
SUB1129,2023-03-22,Basic,29,Social Media,2023-03
SUB1130,2023-01-07,Pro,79,Direct,2023-01
SUB1131,2023-09-13,Basic,29,Organic Search,2023-09
SUB1132,2023-05-29,Basic,29,Direct,2023-05
SUB1133,2022-07-27,Pro,79,Direct,2022-07
SUB1134,2022-12-09,Basic,29,Paid Ads,2022-12
SUB1135,2023-08-26,Business,149,Referral,2023-08
SUB1136,2022-07-21,Basic,29,Organic Search,2022-07
SUB1137,2023-11-04,Basic,29,Paid Ads,2023-11
SUB1138,2023-05-28,Enterprise,399,Organic Search,2023-05
SUB1139,2023-05-21,Pro,79,Social Media,2023-05
SUB1140,2023-07-16,Business,149,Direct,2023-07
SUB1141,2023-10-25,Pro,79,Social Media,2023-10
SUB1142,2023-03-06,Business,149,Direct,2023-03
SUB1143,2023-08-24,Basic,29,Referral,2023-08
SUB1144,2023-07-03,Basic,29,Direct,2023-07
SUB1145,2023-01-12,Pro,79,Referral,2023-01
SUB1146,2023-11-15,Basic,29,Direct,2023-11
SUB1147,2023-10-13,Business,149,Social Media,2023-10
SUB1148,2023-08-15,Basic,29,Social Media,2023-08
SUB1149,2023-11-04,Business,149,Referral,2023-11
SUB1150,2023-11-10,Business,149,Referral,2023-11
SUB1151,2023-09-06,Basic,29,Organic Search,2023-09
SUB1152,2023-10-29,Pro,79,Paid Ads,2023-10
SUB1153,2023-09-01,Pro,79,Organic Search,2023-09
SUB1154,2023-08-25,Basic,29,Direct,2023-08
SUB1155,2023-07-28,Pro,79,Social Media,2023-07
SUB1156,2023-09-25,Basic,29,Paid Ads,2023-09
SUB1157,2022-10-18,Basic,29,Social Media,2022-10
SUB1158,2023-11-16,Pro,79,Paid Ads,2023-11
SUB1159,2023-11-12,Pro,79,Referral,2023-11
SUB1160,2022-05-05,Basic,29,Social Media,2022-05
SUB1161,2023-10-25,Enterprise,399,Social Media,2023-10
SUB1162,2022-09-19,Pro,79,Referral,2022-09
SUB1163,2023-02-27,Basic,29,Direct,2023-02
SUB1164,2023-09-21,Pro,79,Direct,2023-09
SUB1165,2022-10-20,Enterprise,399,Organic Search,2022-10
SUB1166,2023-10-22,Pro,79,Organic Search,2023-10
SUB1167,2023-10-28,Business,149,Organic Search,2023-10
SUB1168,2023-06-04,Business,149,Social Media,2023-06
SUB1169,2022-02-28,Basic,29,Paid Ads,2022-02
SUB1170,2023-01-26,Basic,29,Paid Ads,2023-01
SUB1171,2023-07-27,Basic,29,Direct,2023-07
SUB1172,2023-12-24,Pro,79,Organic Search,2023-12
SUB1173,2023-08-03,Pro,79,Direct,2023-08
SUB1174,2023-01-07,Business,149,Social Media,2023-01
SUB1175,2023-08-04,Basic,29,Direct,2023-08
SUB1176,2023-06-20,Pro,79,Organic Search,2023-06
SUB1177,2023-10-06,Basic,29,Referral,2023-10
SUB1178,2022-08-27,Pro,79,Referral,2022-08
SUB1179,2023-09-28,Basic,29,Social Media,2023-09
SUB1180,2023-06-21,Business,149,Paid Ads,2023-06
SUB1181,2023-12-17,Basic,29,Organic Search,2023-12
SUB1182,2023-03-03,Pro,79,Paid Ads,2023-03
SUB1183,2023-08-03,Basic,29,Direct,2023-08
SUB1184,2023-12-05,Basic,29,Referral,2023-12
SUB1185,2022-08-22,Basic,29,Social Media,2022-08
SUB1186,2023-12-07,Basic,29,Social Media,2023-12
SUB1187,2023-08-28,Pro,79,Paid Ads,2023-08
SUB1188,2022-07-09,Enterprise,399,Paid Ads,2022-07
SUB1189,2023-02-04,Basic,29,Organic Search,2023-02
SUB1190,2023-09-06,Pro,79,Organic Search,2023-09
SUB1191,2022-07-09,Basic,29,Social Media,2022-07
SUB1192,2023-07-11,Basic,29,Social Media,2023-07
SUB1193,2023-03-05,Basic,29,Organic Search,2023-03
SUB1194,2023-07-29,Pro,79,Organic Search,2023-07
SUB1195,2022-06-05,Pro,79,Social Media,2022-06
SUB1196,2023-11-12,Pro,79,Referral,2023-11
SUB1197,2023-12-21,Pro,79,Organic Search,2023-12
SUB1198,2023-12-19,Business,149,Organic Search,2023-12
SUB1199,2023-09-24,Basic,29,Direct,2023-09
SUB1200,2022-09-20,Pro,79,Organic Search,2022-09
SUB1201,2023-09-27,Business,149,Referral,2023-09
SUB1202,2022-04-25,Business,149,Direct,2022-04
SUB1203,2022-04-19,Pro,79,Paid Ads,2022-04
SUB1204,2023-02-19,Business,149,Referral,2023-02
SUB1205,2023-05-25,Basic,29,Paid Ads,2023-05
SUB1206,2023-10-02,Pro,79,Social Media,2023-10
SUB1207,2023-08-26,Business,149,Referral,2023-08
SUB1208,2023-05-02,Basic,29,Paid Ads,2023-05
SUB1209,2023-01-17,Pro,79,Social Media,2023-01
SUB1210,2023-12-29,Pro,79,Direct,2023-12
SUB1211,2023-04-21,Basic,29,Paid Ads,2023-04
SUB1212,2023-05-05,Business,149,Organic Search,2023-05
SUB1213,2022-10-22,Pro,79,Referral,2022-10
SUB1214,2023-10-12,Basic,29,Social Media,2023-10
SUB1215,2023-08-31,Basic,29,Organic Search,2023-08
SUB1216,2022-12-09,Basic,29,Direct,2022-12
SUB1217,2022-07-29,Enterprise,399,Social Media,2022-07
SUB1218,2023-08-25,Enterprise,399,Referral,2023-08
SUB1219,2023-08-13,Basic,29,Referral,2023-08
SUB1220,2023-01-17,Business,149,Social Media,2023-01
SUB1221,2023-12-12,Pro,79,Referral,2023-12
SUB1222,2022-10-11,Pro,79,Social Media,2022-10
SUB1223,2023-04-25,Pro,79,Direct,2023-04
SUB1224,2023-12-10,Pro,79,Organic Search,2023-12
SUB1225,2023-04-18,Business,149,Referral,2023-04
SUB1226,2023-08-06,Business,149,Organic Search,2023-08
SUB1227,2023-04-05,Basic,29,Paid Ads,2023-04
SUB1228,2023-01-17,Basic,29,Paid Ads,2023-01
SUB1229,2023-12-25,Pro,79,Referral,2023-12
SUB1230,2023-04-12,Basic,29,Organic Search,2023-04
SUB1231,2023-11-21,Basic,29,Referral,2023-11
SUB1232,2022-12-16,Pro,79,Referral,2022-12
SUB1233,2022-12-03,Basic,29,Organic Search,2022-12
SUB1234,2022-05-09,Basic,29,Social Media,2022-05
SUB1235,2023-08-12,Pro,79,Direct,2023-08
SUB1236,2023-03-19,Pro,79,Organic Search,2023-03
SUB1237,2023-11-09,Basic,29,Direct,2023-11
SUB1238,2023-05-17,Basic,29,Direct,2023-05
SUB1239,2023-12-19,Business,149,Social Media,2023-12
SUB1240,2022-11-10,Basic,29,Social Media,2022-11
SUB1241,2023-11-11,Basic,29,Organic Search,2023-11
SUB1242,2023-10-05,Pro,79,Direct,2023-10
SUB1243,2023-10-03,Business,149,Paid Ads,2023-10
SUB1244,2023-11-02,Pro,79,Paid Ads,2023-11
SUB1245,2023-09-28,Pro,79,Paid Ads,2023-09
SUB1246,2023-07-31,Basic,29,Referral,2023-07
SUB1247,2022-09-22,Basic,29,Paid Ads,2022-09
SUB1248,2022-05-12,Basic,29,Social Media,2022-05
SUB1249,2023-12-01,Basic,29,Referral,2023-12
SUB1250,2023-07-27,Pro,79,Organic Search,2023-07
SUB1251,2023-10-13,Basic,29,Paid Ads,2023-10
SUB1252,2023-05-21,Pro,79,Social Media,2023-05
SUB1253,2022-09-07,Pro,79,Paid Ads,2022-09
SUB1254,2022-09-15,Pro,79,Paid Ads,2022-09
SUB1255,2023-08-27,Basic,29,Social Media,2023-08
SUB1256,2023-04-24,Basic,29,Direct,2023-04
SUB1257,2022-11-23,Basic,29,Referral,2022-11
SUB1258,2023-05-27,Pro,79,Social Media,2023-05
SUB1259,2022-07-04,Business,149,Direct,2022-07
SUB1260,2023-07-11,Basic,29,Referral,2023-07
SUB1261,2023-01-14,Pro,79,Paid Ads,2023-01
SUB1262,2023-10-14,Pro,79,Paid Ads,2023-10
SUB1263,2023-02-11,Enterprise,399,Referral,2023-02
SUB1264,2023-05-07,Basic,29,Social Media,2023-05
SUB1265,2022-03-20,Enterprise,399,Paid Ads,2022-03
SUB1266,2022-07-16,Basic,29,Referral,2022-07
SUB1267,2023-04-02,Business,149,Social Media,2023-04
SUB1268,2023-05-21,Basic,29,Direct,2023-05
SUB1269,2023-07-19,Basic,29,Direct,2023-07
SUB1270,2023-01-29,Basic,29,Direct,2023-01
SUB1271,2023-08-31,Basic,29,Social Media,2023-08
SUB1272,2023-11-08,Business,149,Paid Ads,2023-11
SUB1273,2023-10-06,Pro,79,Referral,2023-10
SUB1274,2022-05-26,Business,149,Organic Search,2022-05
SUB1275,2023-05-21,Business,149,Social Media,2023-05
SUB1276,2022-08-25,Pro,79,Paid Ads,2022-08
SUB1277,2022-12-25,Pro,79,Paid Ads,2022-12
SUB1278,2023-12-26,Basic,29,Paid Ads,2023-12
SUB1279,2022-10-03,Pro,79,Social Media,2022-10
SUB1280,2023-05-30,Basic,29,Direct,2023-05
SUB1281,2023-07-28,Pro,79,Social Media,2023-07
SUB1282,2023-09-03,Pro,79,Social Media,2023-09
SUB1283,2023-06-30,Pro,79,Referral,2023-06
SUB1284,2022-03-14,Pro,79,Direct,2022-03
SUB1285,2023-02-21,Pro,79,Organic Search,2023-02
SUB1286,2023-06-09,Basic,29,Paid Ads,2023-06
SUB1287,2022-08-05,Pro,79,Referral,2022-08
SUB1288,2023-03-08,Basic,29,Direct,2023-03
SUB1289,2022-05-13,Basic,29,Social Media,2022-05
SUB1290,2022-07-24,Enterprise,399,Referral,2022-07
SUB1291,2023-04-05,Enterprise,399,Social Media,2023-04
SUB1292,2022-09-23,Basic,29,Organic Search,2022-09
SUB1293,2023-07-04,Basic,29,Direct,2023-07
SUB1294,2023-08-29,Pro,79,Direct,2023-08
SUB1295,2023-10-15,Pro,79,Direct,2023-10
SUB1296,2022-11-23,Basic,29,Referral,2022-11
SUB1297,2022-10-26,Basic,29,Direct,2022-10
SUB1298,2022-08-24,Pro,79,Paid Ads,2022-08
SUB1299,2023-08-05,Basic,29,Organic Search,2023-08
SUB1300,2023-09-05,Pro,79,Referral,2023-09
SUB1301,2022-05-10,Pro,79,Organic Search,2022-05
SUB1302,2023-12-07,Basic,29,Paid Ads,2023-12
SUB1303,2022-06-16,Basic,29,Referral,2022-06
SUB1304,2023-06-21,Pro,79,Paid Ads,2023-06
SUB1305,2023-09-06,Pro,79,Referral,2023-09
SUB1306,2023-11-12,Pro,79,Social Media,2023-11
SUB1307,2023-09-09,Pro,79,Social Media,2023-09
SUB1308,2023-10-15,Basic,29,Referral,2023-10
SUB1309,2023-03-01,Basic,29,Organic Search,2023-03
SUB1310,2023-10-21,Basic,29,Referral,2023-10
SUB1311,2022-07-26,Pro,79,Paid Ads,2022-07
SUB1312,2023-11-21,Business,149,Paid Ads,2023-11
SUB1313,2023-06-24,Pro,79,Direct,2023-06
SUB1314,2023-10-22,Basic,29,Direct,2023-10
SUB1315,2023-05-06,Pro,79,Social Media,2023-05
SUB1316,2023-08-08,Basic,29,Social Media,2023-08
SUB1317,2023-06-13,Pro,79,Paid Ads,2023-06
SUB1318,2023-09-16,Pro,79,Social Media,2023-09
SUB1319,2022-07-28,Basic,29,Direct,2022-07
SUB1320,2022-06-29,Business,149,Social Media,2022-06
SUB1321,2022-12-29,Pro,79,Social Media,2022-12
SUB1322,2022-10-19,Basic,29,Paid Ads,2022-10
SUB1323,2023-11-12,Basic,29,Organic Search,2023-11
SUB1324,2022-12-08,Pro,79,Direct,2022-12
SUB1325,2023-12-22,Basic,29,Referral,2023-12
SUB1326,2023-02-28,Basic,29,Organic Search,2023-02
SUB1327,2022-11-08,Basic,29,Social Media,2022-11
SUB1328,2023-10-10,Pro,79,Referral,2023-10
SUB1329,2023-08-15,Pro,79,Direct,2023-08
SUB1330,2023-05-30,Basic,29,Organic Search,2023-05
SUB1331,2023-06-28,Basic,29,Social Media,2023-06
SUB1332,2023-09-11,Pro,79,Referral,2023-09
SUB1333,2022-12-15,Business,149,Direct,2022-12
SUB1334,2023-12-29,Basic,29,Paid Ads,2023-12
SUB1335,2023-12-21,Basic,29,Paid Ads,2023-12
SUB1336,2023-08-11,Basic,29,Paid Ads,2023-08
SUB1337,2022-11-22,Basic,29,Paid Ads,2022-11
SUB1338,2023-08-25,Pro,79,Social Media,2023-08
SUB1339,2022-07-15,Pro,79,Direct,2022-07
SUB1340,2022-05-08,Basic,29,Paid Ads,2022-05
SUB1341,2023-01-06,Pro,79,Direct,2023-01
SUB1342,2023-05-11,Pro,79,Paid Ads,2023-05
SUB1343,2023-11-11,Pro,79,Social Media,2023-11
SUB1344,2023-09-14,Basic,29,Paid Ads,2023-09
SUB1345,2023-09-21,Basic,29,Social Media,2023-09
SUB1346,2023-04-21,Pro,79,Referral,2023-04
SUB1347,2023-03-05,Enterprise,399,Social Media,2023-03
SUB1348,2023-03-21,Basic,29,Social Media,2023-03
SUB1349,2023-12-26,Enterprise,399,Direct,2023-12
SUB1350,2022-05-26,Pro,79,Social Media,2022-05
SUB1351,2023-11-10,Pro,79,Social Media,2023-11
SUB1352,2023-07-09,Pro,79,Social Media,2023-07
SUB1353,2023-04-28,Pro,79,Organic Search,2023-04
SUB1354,2023-09-13,Pro,79,Paid Ads,2023-09
SUB1355,2023-05-24,Basic,29,Referral,2023-05
SUB1356,2023-11-13,Basic,29,Referral,2023-11
SUB1357,2023-11-23,Basic,29,Social Media,2023-11
SUB1358,2023-04-19,Pro,79,Social Media,2023-04
SUB1359,2023-01-19,Pro,79,Organic Search,2023-01
SUB1360,2023-07-16,Pro,79,Referral,2023-07
SUB1361,2023-11-28,Business,149,Referral,2023-11
SUB1362,2022-12-01,Pro,79,Organic Search,2022-12
SUB1363,2023-07-30,Business,149,Social Media,2023-07
SUB1364,2023-08-03,Pro,79,Social Media,2023-08
SUB1365,2023-09-17,Basic,29,Paid Ads,2023-09
SUB1366,2022-09-22,Basic,29,Organic Search,2022-09
SUB1367,2023-09-09,Pro,79,Referral,2023-09
SUB1368,2023-11-27,Business,149,Organic Search,2023-11
SUB1369,2022-11-06,Pro,79,Organic Search,2022-11
SUB1370,2022-12-22,Business,149,Paid Ads,2022-12
SUB1371,2023-12-20,Basic,29,Direct,2023-12
SUB1372,2022-11-07,Pro,79,Direct,2022-11
SUB1373,2023-11-05,Pro,79,Paid Ads,2023-11
SUB1374,2023-05-27,Pro,79,Paid Ads,2023-05
SUB1375,2022-12-29,Business,149,Organic Search,2022-12
SUB1376,2023-11-12,Pro,79,Direct,2023-11
SUB1377,2023-05-02,Basic,29,Direct,2023-05
SUB1378,2023-06-08,Basic,29,Referral,2023-06
SUB1379,2023-03-13,Basic,29,Referral,2023-03
SUB1380,2023-07-16,Enterprise,399,Direct,2023-07
SUB1381,2022-10-22,Enterprise,399,Organic Search,2022-10
SUB1382,2023-04-01,Basic,29,Social Media,2023-04
SUB1383,2023-12-19,Business,149,Referral,2023-12
SUB1384,2023-01-06,Business,149,Paid Ads,2023-01
SUB1385,2023-08-14,Pro,79,Paid Ads,2023-08
SUB1386,2023-02-20,Basic,29,Referral,2023-02
SUB1387,2023-10-04,Business,149,Social Media,2023-10
SUB1388,2022-09-21,Pro,79,Direct,2022-09
SUB1389,2023-12-19,Pro,79,Social Media,2023-12
SUB1390,2023-05-07,Basic,29,Organic Search,2023-05
SUB1391,2022-12-21,Pro,79,Organic Search,2022-12
SUB1392,2022-07-17,Pro,79,Referral,2022-07
SUB1393,2022-10-28,Pro,79,Referral,2022-10
SUB1394,2023-06-10,Pro,79,Social Media,2023-06
SUB1395,2023-02-28,Basic,29,Organic Search,2023-02
SUB1396,2023-10-26,Business,149,Organic Search,2023-10
SUB1397,2023-04-24,Pro,79,Social Media,2023-04
SUB1398,2022-12-30,Pro,79,Referral,2022-12
SUB1399,2023-07-27,Business,149,Direct,2023-07
SUB1400,2023-09-05,Basic,29,Social Media,2023-09
SUB1401,2022-10-25,Business,149,Social Media,2022-10
SUB1402,2022-10-26,Basic,29,Referral,2022-10
SUB1403,2022-05-20,Basic,29,Direct,2022-05
SUB1404,2023-09-18,Basic,29,Social Media,2023-09
SUB1405,2023-08-17,Business,149,Organic Search,2023-08
SUB1406,2023-05-18,Basic,29,Social Media,2023-05
SUB1407,2023-11-01,Basic,29,Paid Ads,2023-11
SUB1408,2023-10-17,Pro,79,Organic Search,2023-10
SUB1409,2023-07-12,Enterprise,399,Social Media,2023-07
SUB1410,2023-11-11,Basic,29,Paid Ads,2023-11
SUB1411,2022-11-27,Business,149,Referral,2022-11
SUB1412,2022-09-01,Basic,29,Referral,2022-09
SUB1413,2023-01-14,Basic,29,Referral,2023-01
SUB1414,2022-06-24,Basic,29,Referral,2022-06
SUB1415,2023-06-16,Pro,79,Paid Ads,2023-06
SUB1416,2023-12-07,Basic,29,Referral,2023-12
SUB1417,2022-05-25,Pro,79,Paid Ads,2022-05
SUB1418,2022-09-12,Pro,79,Organic Search,2022-09
SUB1419,2023-05-06,Pro,79,Organic Search,2023-05
SUB1420,2023-12-06,Basic,29,Organic Search,2023-12
SUB1421,2023-02-14,Basic,29,Paid Ads,2023-02
SUB1422,2023-06-04,Pro,79,Social Media,2023-06
SUB1423,2022-05-29,Basic,29,Referral,2022-05
SUB1424,2022-10-08,Business,149,Social Media,2022-10
SUB1425,2023-12-26,Pro,79,Social Media,2023-12
SUB1426,2023-12-18,Basic,29,Social Media,2023-12
SUB1427,2022-02-21,Basic,29,Organic Search,2022-02
SUB1428,2023-12-13,Basic,29,Referral,2023-12
SUB1429,2023-08-06,Business,149,Paid Ads,2023-08
SUB1430,2023-11-11,Basic,29,Paid Ads,2023-11
SUB1431,2023-05-07,Pro,79,Paid Ads,2023-05
SUB1432,2023-06-08,Basic,29,Direct,2023-06
SUB1433,2023-05-25,Basic,29,Paid Ads,2023-05
SUB1434,2023-08-19,Pro,79,Paid Ads,2023-08
SUB1435,2022-09-30,Pro,79,Paid Ads,2022-09
SUB1436,2022-05-07,Business,149,Direct,2022-05
SUB1437,2023-02-09,Pro,79,Paid Ads,2023-02
SUB1438,2023-09-04,Basic,29,Organic Search,2023-09
SUB1439,2022-11-24,Basic,29,Organic Search,2022-11
SUB1440,2023-08-22,Pro,79,Social Media,2023-08
SUB1441,2023-12-19,Basic,29,Social Media,2023-12
SUB1442,2022-08-12,Basic,29,Paid Ads,2022-08
SUB1443,2023-08-21,Basic,29,Organic Search,2023-08
SUB1444,2023-05-01,Basic,29,Direct,2023-05
SUB1445,2023-11-11,Pro,79,Direct,2023-11
SUB1446,2022-11-03,Basic,29,Organic Search,2022-11
SUB1447,2023-08-30,Business,149,Referral,2023-08
SUB1448,2023-10-30,Basic,29,Direct,2023-10
SUB1449,2023-12-10,Pro,79,Social Media,2023-12
SUB1450,2023-08-26,Basic,29,Organic Search,2023-08
SUB1451,2023-05-30,Business,149,Paid Ads,2023-05
SUB1452,2023-07-28,Pro,79,Organic Search,2023-07
SUB1453,2023-11-11,Basic,29,Direct,2023-11
SUB1454,2023-07-05,Basic,29,Organic Search,2023-07
SUB1455,2022-05-08,Enterprise,399,Referral,2022-05
SUB1456,2023-12-05,Basic,29,Direct,2023-12
SUB1457,2023-08-29,Pro,79,Direct,2023-08
SUB1458,2023-08-23,Pro,79,Social Media,2023-08
SUB1459,2022-12-05,Enterprise,399,Organic Search,2022-12
SUB1460,2023-08-15,Basic,29,Organic Search,2023-08
SUB1461,2023-04-03,Basic,29,Paid Ads,2023-04
SUB1462,2023-08-12,Basic,29,Organic Search,2023-08
SUB1463,2022-08-27,Business,149,Social Media,2022-08
SUB1464,2023-08-15,Pro,79,Direct,2023-08
SUB1465,2023-12-30,Business,149,Social Media,2023-12
SUB1466,2022-06-10,Pro,79,Organic Search,2022-06
SUB1467,2023-12-22,Pro,79,Direct,2023-12
SUB1468,2023-04-11,Pro,79,Referral,2023-04
SUB1469,2023-11-12,Basic,29,Organic Search,2023-11
SUB1470,2023-10-07,Pro,79,Paid Ads,2023-10
SUB1471,2023-07-03,Enterprise,399,Paid Ads,2023-07
SUB1472,2023-09-19,Pro,79,Social Media,2023-09
SUB1473,2023-11-15,Pro,79,Organic Search,2023-11
SUB1474,2023-04-09,Basic,29,Social Media,2023-04
SUB1475,2023-02-21,Pro,79,Paid Ads,2023-02
SUB1476,2023-08-19,Basic,29,Organic Search,2023-08
SUB1477,2023-10-18,Business,149,Organic Search,2023-10
SUB1478,2023-09-29,Pro,79,Direct,2023-09
SUB1479,2023-10-14,Basic,29,Paid Ads,2023-10
SUB1480,2023-04-27,Basic,29,Paid Ads,2023-04
SUB1481,2023-10-22,Pro,79,Paid Ads,2023-10
SUB1482,2022-09-10,Pro,79,Referral,2022-09
SUB1483,2023-06-22,Pro,79,Referral,2023-06
SUB1484,2022-02-25,Basic,29,Paid Ads,2022-02
SUB1485,2023-02-20,Pro,79,Referral,2023-02
SUB1486,2023-03-18,Pro,79,Organic Search,2023-03
SUB1487,2023-04-04,Business,149,Organic Search,2023-04
SUB1488,2023-08-31,Basic,29,Social Media,2023-08
SUB1489,2023-03-31,Basic,29,Organic Search,2023-03
SUB1490,2023-05-04,Basic,29,Direct,2023-05
SUB1491,2022-12-22,Pro,79,Social Media,2022-12
SUB1492,2023-03-22,Pro,79,Referral,2023-03
SUB1493,2022-12-14,Basic,29,Direct,2022-12
SUB1494,2022-07-17,Basic,29,Paid Ads,2022-07
SUB1495,2023-07-21,Basic,29,Organic Search,2023-07
SUB1496,2023-08-19,Business,149,Organic Search,2023-08
SUB1497,2023-07-28,Basic,29,Direct,2023-07
SUB1498,2023-05-12,Basic,29,Organic Search,2023-05
SUB1499,2023-03-26,Basic,29,Social Media,2023-03
SUB1500,2023-11-09,Basic,29,Paid Ads,2023-11
SUB1501,2023-06-10,Basic,29,Organic Search,2023-06
SUB1502,2023-05-20,Pro,79,Social Media,2023-05
SUB1503,2022-04-27,Basic,29,Paid Ads,2022-04
SUB1504,2023-03-02,Pro,79,Referral,2023-03
SUB1505,2023-03-26,Basic,29,Organic Search,2023-03
SUB1506,2023-04-06,Pro,79,Organic Search,2023-04
SUB1507,2023-07-10,Pro,79,Organic Search,2023-07
SUB1508,2023-06-17,Basic,29,Direct,2023-06
SUB1509,2023-07-23,Enterprise,399,Social Media,2023-07
SUB1510,2023-09-30,Basic,29,Social Media,2023-09
SUB1511,2023-10-20,Business,149,Referral,2023-10
SUB1512,2023-09-10,Basic,29,Direct,2023-09
SUB1513,2023-12-14,Pro,79,Referral,2023-12
SUB1514,2022-04-09,Basic,29,Direct,2022-04
SUB1515,2022-11-19,Business,149,Direct,2022-11
SUB1516,2022-03-05,Basic,29,Referral,2022-03
SUB1517,2023-08-10,Pro,79,Social Media,2023-08
SUB1518,2023-11-22,Enterprise,399,Paid Ads,2023-11
SUB1519,2022-12-26,Pro,79,Direct,2022-12
SUB1520,2023-12-03,Business,149,Paid Ads,2023-12
SUB1521,2022-06-28,Basic,29,Social Media,2022-06
SUB1522,2023-12-06,Basic,29,Direct,2023-12
SUB1523,2023-03-09,Basic,29,Organic Search,2023-03
SUB1524,2022-08-21,Enterprise,399,Organic Search,2022-08
SUB1525,2023-05-24,Business,149,Social Media,2023-05
SUB1526,2023-01-05,Business,149,Referral,2023-01
SUB1527,2023-01-25,Basic,29,Direct,2023-01
SUB1528,2023-02-09,Enterprise,399,Social Media,2023-02
SUB1529,2023-10-16,Pro,79,Organic Search,2023-10
SUB1530,2023-06-20,Enterprise,399,Paid Ads,2023-06
SUB1531,2023-02-11,Pro,79,Organic Search,2023-02
SUB1532,2023-07-24,Basic,29,Paid Ads,2023-07
SUB1533,2023-09-09,Business,149,Direct,2023-09
SUB1534,2023-01-16,Pro,79,Referral,2023-01
SUB1535,2023-04-14,Pro,79,Organic Search,2023-04
SUB1536,2022-09-12,Pro,79,Direct,2022-09
SUB1537,2022-11-07,Basic,29,Social Media,2022-11
SUB1538,2023-08-25,Basic,29,Direct,2023-08
SUB1539,2022-11-07,Basic,29,Paid Ads,2022-11
SUB1540,2023-06-13,Basic,29,Referral,2023-06
SUB1541,2023-09-06,Business,149,Social Media,2023-09
SUB1542,2022-08-27,Pro,79,Referral,2022-08
SUB1543,2023-07-04,Basic,29,Referral,2023-07
SUB1544,2023-01-05,Basic,29,Paid Ads,2023-01
SUB1545,2023-12-17,Basic,29,Direct,2023-12
SUB1546,2023-05-22,Basic,29,Organic Search,2023-05
SUB1547,2023-10-17,Basic,29,Social Media,2023-10
SUB1548,2023-06-25,Basic,29,Organic Search,2023-06
SUB1549,2022-06-01,Pro,79,Paid Ads,2022-06
SUB1550,2023-08-04,Pro,79,Social Media,2023-08
SUB1551,2023-12-13,Basic,29,Organic Search,2023-12
SUB1552,2023-07-20,Basic,29,Referral,2023-07
SUB1553,2023-10-22,Business,149,Direct,2023-10
SUB1554,2023-11-17,Basic,29,Referral,2023-11
SUB1555,2022-12-15,Basic,29,Paid Ads,2022-12
SUB1556,2022-12-02,Enterprise,399,Social Media,2022-12
SUB1557,2023-07-24,Pro,79,Referral,2023-07
SUB1558,2023-04-13,Basic,29,Paid Ads,2023-04
SUB1559,2023-10-31,Basic,29,Social Media,2023-10
SUB1560,2023-11-23,Business,149,Direct,2023-11
SUB1561,2023-03-10,Pro,79,Paid Ads,2023-03
SUB1562,2022-12-21,Basic,29,Organic Search,2022-12
SUB1563,2023-10-07,Business,149,Paid Ads,2023-10
SUB1564,2023-01-18,Basic,29,Organic Search,2023-01
SUB1565,2023-10-24,Business,149,Paid Ads,2023-10
SUB1566,2023-04-20,Basic,29,Social Media,2023-04
SUB1567,2023-08-19,Basic,29,Organic Search,2023-08
SUB1568,2022-08-14,Pro,79,Referral,2022-08
SUB1569,2023-07-30,Business,149,Organic Search,2023-07
SUB1570,2023-05-05,Basic,29,Organic Search,2023-05
SUB1571,2023-07-13,Basic,29,Social Media,2023-07
SUB1572,2022-10-26,Business,149,Organic Search,2022-10
SUB1573,2023-09-18,Business,149,Referral,2023-09
SUB1574,2023-11-09,Basic,29,Social Media,2023-11
SUB1575,2022-12-06,Basic,29,Direct,2022-12
SUB1576,2022-08-14,Pro,79,Social Media,2022-08
SUB1577,2022-04-23,Pro,79,Social Media,2022-04
SUB1578,2023-08-08,Pro,79,Paid Ads,2023-08
SUB1579,2023-07-23,Basic,29,Paid Ads,2023-07
SUB1580,2023-06-24,Basic,29,Social Media,2023-06
SUB1581,2022-12-18,Business,149,Organic Search,2022-12
SUB1582,2023-04-01,Pro,79,Direct,2023-04
SUB1583,2023-07-17,Basic,29,Referral,2023-07
SUB1584,2023-05-29,Pro,79,Direct,2023-05
SUB1585,2023-12-26,Pro,79,Organic Search,2023-12
SUB1586,2022-09-27,Basic,29,Paid Ads,2022-09
SUB1587,2023-08-31,Pro,79,Direct,2023-08
SUB1588,2023-04-09,Basic,29,Direct,2023-04
SUB1589,2023-04-23,Business,149,Social Media,2023-04
SUB1590,2023-09-10,Business,149,Referral,2023-09
SUB1591,2023-08-30,Pro,79,Social Media,2023-08
SUB1592,2023-12-27,Basic,29,Direct,2023-12
SUB1593,2022-09-19,Pro,79,Social Media,2022-09
SUB1594,2022-08-24,Basic,29,Organic Search,2022-08
SUB1595,2023-09-13,Basic,29,Paid Ads,2023-09
SUB1596,2023-07-09,Basic,29,Referral,2023-07
SUB1597,2023-01-17,Basic,29,Social Media,2023-01
SUB1598,2022-07-25,Pro,79,Direct,2022-07
SUB1599,2022-08-02,Enterprise,399,Paid Ads,2022-08
SUB1600,2023-11-21,Basic,29,Paid Ads,2023-11
SUB1601,2022-11-16,Basic,29,Organic Search,2022-11
SUB1602,2023-02-19,Business,149,Paid Ads,2023-02
SUB1603,2022-12-14,Pro,79,Social Media,2022-12
SUB1604,2023-03-11,Basic,29,Paid Ads,2023-03
SUB1605,2022-07-12,Basic,29,Direct,2022-07
SUB1606,2023-06-10,Basic,29,Referral,2023-06
SUB1607,2022-07-09,Business,149,Organic Search,2022-07
SUB1608,2023-10-15,Pro,79,Referral,2023-10
SUB1609,2022-12-19,Business,149,Direct,2022-12
SUB1610,2023-06-20,Basic,29,Paid Ads,2023-06
SUB1611,2023-11-15,Business,149,Social Media,2023-11
SUB1612,2023-08-12,Pro,79,Paid Ads,2023-08
SUB1613,2023-06-17,Pro,79,Organic Search,2023-06
SUB1614,2023-02-20,Basic,29,Direct,2023-02
SUB1615,2023-02-25,Basic,29,Direct,2023-02
SUB1616,2023-08-20,Pro,79,Referral,2023-08
SUB1617,2023-12-28,Business,149,Paid Ads,2023-12
SUB1618,2023-08-17,Business,149,Referral,2023-08
SUB1619,2023-06-29,Pro,79,Referral,2023-06
SUB1620,2023-09-16,Basic,29,Paid Ads,2023-09
SUB1621,2023-05-13,Pro,79,Paid Ads,2023-05
SUB1622,2022-06-28,Business,149,Direct,2022-06
SUB1623,2023-07-01,Business,149,Organic Search,2023-07
SUB1624,2023-12-15,Basic,29,Social Media,2023-12
SUB1625,2022-11-02,Pro,79,Referral,2022-11
SUB1626,2023-08-29,Basic,29,Paid Ads,2023-08
SUB1627,2022-11-23,Enterprise,399,Social Media,2022-11
SUB1628,2023-06-18,Business,149,Social Media,2023-06
SUB1629,2022-08-15,Pro,79,Paid Ads,2022-08
SUB1630,2023-05-05,Pro,79,Direct,2023-05
SUB1631,2023-09-26,Pro,79,Direct,2023-09
SUB1632,2023-03-06,Business,149,Paid Ads,2023-03
SUB1633,2023-08-18,Pro,79,Paid Ads,2023-08
SUB1634,2023-10-13,Basic,29,Referral,2023-10
SUB1635,2023-12-03,Basic,29,Organic Search,2023-12
SUB1636,2022-12-20,Business,149,Direct,2022-12
SUB1637,2023-04-06,Basic,29,Direct,2023-04
SUB1638,2022-10-12,Basic,29,Direct,2022-10
SUB1639,2023-12-28,Basic,29,Direct,2023-12
SUB1640,2023-12-03,Basic,29,Direct,2023-12
SUB1641,2023-06-20,Basic,29,Social Media,2023-06
SUB1642,2023-10-31,Basic,29,Organic Search,2023-10
SUB1643,2023-06-11,Basic,29,Referral,2023-06
SUB1644,2023-07-30,Basic,29,Organic Search,2023-07
SUB1645,2022-08-06,Business,149,Referral,2022-08
SUB1646,2023-09-26,Pro,79,Referral,2023-09
SUB1647,2022-09-18,Basic,29,Organic Search,2022-09
SUB1648,2023-10-25,Basic,29,Organic Search,2023-10
SUB1649,2023-10-07,Pro,79,Organic Search,2023-10
SUB1650,2023-09-06,Basic,29,Social Media,2023-09
SUB1651,2022-05-19,Enterprise,399,Social Media,2022-05
SUB1652,2023-02-06,Pro,79,Social Media,2023-02
SUB1653,2023-01-09,Basic,29,Social Media,2023-01
SUB1654,2023-03-14,Basic,29,Social Media,2023-03
SUB1655,2022-08-04,Business,149,Direct,2022-08
SUB1656,2023-12-07,Pro,79,Paid Ads,2023-12
SUB1657,2023-06-27,Basic,29,Organic Search,2023-06
SUB1658,2023-02-07,Business,149,Organic Search,2023-02
SUB1659,2023-04-05,Basic,29,Referral,2023-04
SUB1660,2023-05-03,Basic,29,Organic Search,2023-05
SUB1661,2023-07-19,Basic,29,Paid Ads,2023-07
SUB1662,2023-06-08,Business,149,Paid Ads,2023-06
SUB1663,2023-12-01,Pro,79,Direct,2023-12
SUB1664,2023-05-29,Business,149,Organic Search,2023-05
SUB1665,2023-12-28,Basic,29,Direct,2023-12
SUB1666,2023-11-04,Business,149,Organic Search,2023-11
SUB1667,2022-11-29,Pro,79,Paid Ads,2022-11
SUB1668,2023-12-05,Pro,79,Social Media,2023-12
SUB1669,2022-09-06,Basic,29,Organic Search,2022-09
SUB1670,2023-10-22,Basic,29,Paid Ads,2023-10
SUB1671,2023-03-26,Pro,79,Direct,2023-03
SUB1672,2023-11-15,Pro,79,Direct,2023-11
SUB1673,2023-11-11,Basic,29,Referral,2023-11
SUB1674,2023-10-17,Basic,29,Organic Search,2023-10
SUB1675,2023-10-10,Basic,29,Direct,2023-10
SUB1676,2023-02-07,Pro,79,Social Media,2023-02
SUB1677,2022-07-27,Basic,29,Referral,2022-07
SUB1678,2023-04-08,Basic,29,Organic Search,2023-04
SUB1679,2022-10-31,Basic,29,Direct,2022-10
SUB1680,2023-08-31,Pro,79,Organic Search,2023-08
SUB1681,2023-03-05,Basic,29,Paid Ads,2023-03
SUB1682,2023-12-22,Pro,79,Organic Search,2023-12
SUB1683,2023-08-07,Pro,79,Organic Search,2023-08
SUB1684,2023-10-24,Basic,29,Social Media,2023-10
SUB1685,2022-09-23,Pro,79,Referral,2022-09
SUB1686,2023-11-08,Basic,29,Direct,2023-11
SUB1687,2023-12-02,Basic,29,Referral,2023-12
SUB1688,2023-05-24,Business,149,Referral,2023-05
SUB1689,2023-07-22,Basic,29,Organic Search,2023-07
SUB1690,2023-09-30,Basic,29,Social Media,2023-09
SUB1691,2022-11-01,Basic,29,Referral,2022-11
SUB1692,2023-06-01,Pro,79,Paid Ads,2023-06
SUB1693,2023-04-06,Business,149,Organic Search,2023-04
SUB1694,2022-10-06,Basic,29,Referral,2022-10
SUB1695,2023-03-18,Business,149,Social Media,2023-03
SUB1696,2022-07-10,Enterprise,399,Direct,2022-07
SUB1697,2022-04-28,Basic,29,Organic Search,2022-04
SUB1698,2022-09-26,Business,149,Direct,2022-09
SUB1699,2023-12-17,Pro,79,Direct,2023-12
SUB1700,2023-06-25,Pro,79,Social Media,2023-06
SUB1701,2023-12-18,Pro,79,Paid Ads,2023-12
SUB1702,2023-04-25,Pro,79,Organic Search,2023-04
SUB1703,2023-02-12,Basic,29,Organic Search,2023-02
SUB1704,2023-06-03,Pro,79,Direct,2023-06
SUB1705,2023-04-29,Business,149,Direct,2023-04
SUB1706,2022-08-25,Basic,29,Social Media,2022-08
SUB1707,2023-08-07,Basic,29,Paid Ads,2023-08
SUB1708,2022-12-05,Enterprise,399,Paid Ads,2022-12
SUB1709,2023-07-28,Basic,29,Social Media,2023-07
SUB1710,2023-08-11,Basic,29,Social Media,2023-08
SUB1711,2022-10-12,Basic,29,Paid Ads,2022-10
SUB1712,2022-06-30,Business,149,Referral,2022-06
SUB1713,2023-10-07,Basic,29,Organic Search,2023-10
SUB1714,2023-05-10,Basic,29,Direct,2023-05
SUB1715,2022-06-25,Basic,29,Referral,2022-06
SUB1716,2023-12-29,Business,149,Direct,2023-12
SUB1717,2022-06-25,Pro,79,Organic Search,2022-06
SUB1718,2023-08-31,Business,149,Direct,2023-08
SUB1719,2023-12-25,Pro,79,Social Media,2023-12
SUB1720,2022-12-23,Basic,29,Paid Ads,2022-12
SUB1721,2022-10-02,Basic,29,Direct,2022-10
SUB1722,2022-09-11,Pro,79,Organic Search,2022-09
SUB1723,2023-02-06,Business,149,Direct,2023-02
SUB1724,2022-08-20,Business,149,Referral,2022-08
SUB1725,2023-08-30,Business,149,Referral,2023-08
SUB1726,2022-07-01,Business,149,Referral,2022-07
SUB1727,2023-06-05,Basic,29,Social Media,2023-06
SUB1728,2023-12-29,Pro,79,Social Media,2023-12
SUB1729,2023-10-20,Basic,29,Referral,2023-10
SUB1730,2023-07-26,Pro,79,Direct,2023-07
SUB1731,2023-02-08,Pro,79,Social Media,2023-02
SUB1732,2023-07-30,Basic,29,Referral,2023-07
SUB1733,2023-06-14,Pro,79,Organic Search,2023-06
SUB1734,2023-04-21,Pro,79,Referral,2023-04
SUB1735,2022-09-21,Business,149,Organic Search,2022-09
SUB1736,2023-11-18,Basic,29,Referral,2023-11
SUB1737,2023-05-04,Basic,29,Social Media,2023-05
SUB1738,2022-11-18,Business,149,Organic Search,2022-11
SUB1739,2023-03-19,Enterprise,399,Paid Ads,2023-03
SUB1740,2023-04-15,Basic,29,Social Media,2023-04
SUB1741,2023-10-26,Business,149,Referral,2023-10
SUB1742,2023-09-17,Basic,29,Social Media,2023-09
SUB1743,2023-10-02,Pro,79,Organic Search,2023-10
SUB1744,2022-03-18,Basic,29,Paid Ads,2022-03
SUB1745,2023-04-16,Business,149,Social Media,2023-04
SUB1746,2023-05-21,Pro,79,Direct,2023-05
SUB1747,2022-04-11,Business,149,Organic Search,2022-04
SUB1748,2023-01-07,Pro,79,Paid Ads,2023-01
SUB1749,2023-09-28,Basic,29,Direct,2023-09
SUB1750,2022-09-27,Pro,79,Direct,2022-09
SUB1751,2023-06-18,Business,149,Organic Search,2023-06
SUB1752,2022-12-05,Basic,29,Paid Ads,2022-12
SUB1753,2022-03-22,Business,149,Paid Ads,2022-03
SUB1754,2022-12-25,Basic,29,Organic Search,2022-12
SUB1755,2023-12-22,Business,149,Paid Ads,2023-12
SUB1756,2023-10-15,Basic,29,Social Media,2023-10
SUB1757,2023-12-16,Pro,79,Organic Search,2023-12
SUB1758,2023-05-25,Pro,79,Paid Ads,2023-05
SUB1759,2022-08-30,Basic,29,Direct,2022-08
SUB1760,2023-06-24,Pro,79,Social Media,2023-06
SUB1761,2023-05-07,Pro,79,Referral,2023-05
SUB1762,2023-11-01,Basic,29,Referral,2023-11
SUB1763,2022-08-17,Pro,79,Organic Search,2022-08
SUB1764,2023-05-25,Basic,29,Social Media,2023-05
SUB1765,2022-10-10,Basic,29,Direct,2022-10
SUB1766,2023-02-20,Business,149,Paid Ads,2023-02
SUB1767,2023-09-18,Business,149,Paid Ads,2023-09
SUB1768,2023-05-18,Pro,79,Referral,2023-05
SUB1769,2023-03-23,Pro,79,Direct,2023-03
SUB1770,2023-04-03,Basic,29,Organic Search,2023-04
SUB1771,2023-05-10,Pro,79,Paid Ads,2023-05
SUB1772,2023-10-08,Pro,79,Direct,2023-10
SUB1773,2023-11-20,Business,149,Paid Ads,2023-11
SUB1774,2023-12-14,Basic,29,Referral,2023-12
SUB1775,2023-10-09,Pro,79,Referral,2023-10
SUB1776,2023-02-14,Pro,79,Social Media,2023-02
SUB1777,2023-08-28,Business,149,Social Media,2023-08
SUB1778,2023-04-28,Basic,29,Social Media,2023-04
SUB1779,2023-01-03,Basic,29,Direct,2023-01
SUB1780,2023-10-31,Business,149,Social Media,2023-10
SUB1781,2022-05-23,Pro,79,Organic Search,2022-05
SUB1782,2023-11-24,Pro,79,Referral,2023-11
SUB1783,2023-05-11,Pro,79,Direct,2023-05
SUB1784,2023-08-05,Pro,79,Referral,2023-08
SUB1785,2023-08-15,Pro,79,Social Media,2023-08
SUB1786,2023-11-21,Basic,29,Referral,2023-11
SUB1787,2023-08-05,Pro,79,Referral,2023-08
SUB1788,2023-07-26,Basic,29,Referral,2023-07
SUB1789,2022-07-08,Basic,29,Direct,2022-07
SUB1790,2023-06-09,Business,149,Organic Search,2023-06
SUB1791,2022-10-10,Business,149,Direct,2022-10
SUB1792,2023-09-19,Pro,79,Referral,2023-09
SUB1793,2023-06-06,Pro,79,Organic Search,2023-06
SUB1794,2023-08-25,Pro,79,Referral,2023-08
SUB1795,2022-05-29,Basic,29,Social Media,2022-05
SUB1796,2022-08-01,Pro,79,Organic Search,2022-08
SUB1797,2023-09-09,Pro,79,Direct,2023-09
SUB1798,2022-07-15,Business,149,Referral,2022-07
SUB1799,2022-07-14,Pro,79,Paid Ads,2022-07
SUB1800,2022-03-22,Pro,79,Social Media,2022-03
SUB1801,2023-12-14,Business,149,Referral,2023-12
SUB1802,2023-09-19,Pro,79,Paid Ads,2023-09
SUB1803,2023-03-10,Business,149,Direct,2023-03
SUB1804,2023-02-01,Basic,29,Organic Search,2023-02
SUB1805,2023-03-08,Pro,79,Referral,2023-03
SUB1806,2023-10-04,Pro,79,Direct,2023-10
SUB1807,2023-08-16,Business,149,Paid Ads,2023-08
SUB1808,2022-11-10,Business,149,Referral,2022-11
SUB1809,2022-11-01,Pro,79,Paid Ads,2022-11
SUB1810,2022-08-17,Basic,29,Referral,2022-08
SUB1811,2023-08-16,Pro,79,Referral,2023-08
SUB1812,2023-09-30,Basic,29,Direct,2023-09
SUB1813,2023-01-11,Basic,29,Organic Search,2023-01
SUB1814,2022-04-16,Pro,79,Direct,2022-04
SUB1815,2022-07-28,Pro,79,Direct,2022-07
SUB1816,2023-12-19,Basic,29,Paid Ads,2023-12
SUB1817,2023-02-01,Pro,79,Social Media,2023-02
SUB1818,2023-10-02,Pro,79,Social Media,2023-10
SUB1819,2023-07-31,Basic,29,Paid Ads,2023-07
SUB1820,2023-03-27,Basic,29,Paid Ads,2023-03
SUB1821,2022-11-27,Basic,29,Direct,2022-11
SUB1822,2022-09-11,Business,149,Social Media,2022-09
SUB1823,2023-07-26,Basic,29,Paid Ads,2023-07
SUB1824,2023-10-04,Business,149,Social Media,2023-10
SUB1825,2023-08-08,Basic,29,Paid Ads,2023-08
SUB1826,2023-06-15,Basic,29,Organic Search,2023-06
SUB1827,2022-05-30,Basic,29,Referral,2022-05
SUB1828,2023-12-19,Basic,29,Paid Ads,2023-12
SUB1829,2023-10-14,Pro,79,Paid Ads,2023-10
SUB1830,2023-01-30,Pro,79,Organic Search,2023-01
SUB1831,2023-12-23,Basic,29,Social Media,2023-12
SUB1832,2023-07-20,Pro,79,Social Media,2023-07
SUB1833,2023-07-11,Pro,79,Social Media,2023-07
SUB1834,2023-09-23,Basic,29,Organic Search,2023-09
SUB1835,2023-10-19,Pro,79,Referral,2023-10
SUB1836,2023-08-14,Enterprise,399,Referral,2023-08
SUB1837,2022-09-18,Business,149,Direct,2022-09
SUB1838,2023-02-28,Basic,29,Organic Search,2023-02
SUB1839,2023-12-04,Pro,79,Paid Ads,2023-12
SUB1840,2022-12-12,Basic,29,Referral,2022-12
SUB1841,2023-03-21,Basic,29,Organic Search,2023-03
SUB1842,2023-04-25,Basic,29,Direct,2023-04
SUB1843,2023-04-29,Basic,29,Organic Search,2023-04
SUB1844,2023-07-25,Business,149,Referral,2023-07
SUB1845,2023-12-09,Business,149,Social Media,2023-12
SUB1846,2022-12-24,Pro,79,Direct,2022-12
SUB1847,2022-09-12,Pro,79,Social Media,2022-09
SUB1848,2022-11-20,Business,149,Paid Ads,2022-11
SUB1849,2023-11-18,Basic,29,Social Media,2023-11
SUB1850,2023-08-09,Basic,29,Paid Ads,2023-08
SUB1851,2023-01-25,Basic,29,Social Media,2023-01
SUB1852,2023-10-21,Basic,29,Paid Ads,2023-10
SUB1853,2023-11-08,Pro,79,Paid Ads,2023-11
SUB1854,2023-11-02,Basic,29,Organic Search,2023-11
SUB1855,2023-11-30,Pro,79,Paid Ads,2023-11
SUB1856,2023-01-02,Basic,29,Organic Search,2023-01
SUB1857,2023-09-26,Basic,29,Referral,2023-09
SUB1858,2023-05-10,Business,149,Direct,2023-05
SUB1859,2023-10-31,Basic,29,Organic Search,2023-10
SUB1860,2023-09-15,Pro,79,Organic Search,2023-09
SUB1861,2023-10-05,Basic,29,Organic Search,2023-10
SUB1862,2023-08-14,Pro,79,Social Media,2023-08
SUB1863,2022-11-04,Basic,29,Referral,2022-11
SUB1864,2023-06-23,Pro,79,Paid Ads,2023-06
SUB1865,2023-12-25,Basic,29,Organic Search,2023-12
SUB1866,2023-12-07,Basic,29,Organic Search,2023-12
SUB1867,2022-06-01,Pro,79,Referral,2022-06
SUB1868,2022-10-23,Pro,79,Paid Ads,2022-10
SUB1869,2022-09-22,Pro,79,Organic Search,2022-09
SUB1870,2023-09-14,Pro,79,Direct,2023-09
SUB1871,2023-10-22,Basic,29,Organic Search,2023-10
SUB1872,2022-12-03,Business,149,Social Media,2022-12
SUB1873,2023-06-03,Basic,29,Paid Ads,2023-06
SUB1874,2023-10-31,Business,149,Direct,2023-10
SUB1875,2023-09-17,Enterprise,399,Referral,2023-09
SUB1876,2023-06-21,Pro,79,Referral,2023-06
SUB1877,2023-07-15,Basic,29,Direct,2023-07
SUB1878,2023-06-04,Pro,79,Paid Ads,2023-06
SUB1879,2023-02-02,Pro,79,Social Media,2023-02
SUB1880,2023-07-02,Basic,29,Organic Search,2023-07
SUB1881,2023-08-29,Basic,29,Organic Search,2023-08
SUB1882,2023-11-13,Business,149,Direct,2023-11
SUB1883,2023-08-05,Pro,79,Paid Ads,2023-08
SUB1884,2023-09-28,Business,149,Direct,2023-09
SUB1885,2022-10-19,Basic,29,Organic Search,2022-10
SUB1886,2023-05-11,Business,149,Paid Ads,2023-05
SUB1887,2022-03-12,Pro,79,Referral,2022-03
SUB1888,2022-12-29,Basic,29,Organic Search,2022-12
SUB1889,2023-09-14,Basic,29,Paid Ads,2023-09
SUB1890,2023-12-28,Business,149,Referral,2023-12
SUB1891,2022-08-18,Basic,29,Referral,2022-08
SUB1892,2023-04-07,Pro,79,Organic Search,2023-04
SUB1893,2023-10-15,Basic,29,Organic Search,2023-10
SUB1894,2022-11-26,Basic,29,Paid Ads,2022-11
SUB1895,2023-06-28,Pro,79,Paid Ads,2023-06
SUB1896,2023-09-17,Basic,29,Social Media,2023-09
SUB1897,2023-07-27,Enterprise,399,Referral,2023-07
SUB1898,2022-11-13,Business,149,Organic Search,2022-11
SUB1899,2023-03-11,Basic,29,Referral,2023-03
SUB1900,2023-10-08,Basic,29,Social Media,2023-10
SUB1901,2023-06-27,Pro,79,Social Media,2023-06
SUB1902,2022-02-22,Basic,29,Social Media,2022-02
SUB1903,2023-09-28,Pro,79,Social Media,2023-09
SUB1904,2022-05-17,Business,149,Paid Ads,2022-05
SUB1905,2023-09-22,Basic,29,Organic Search,2023-09
SUB1906,2022-11-25,Enterprise,399,Paid Ads,2022-11
SUB1907,2023-12-15,Basic,29,Direct,2023-12
SUB1908,2023-03-19,Pro,79,Direct,2023-03
SUB1909,2023-02-21,Pro,79,Paid Ads,2023-02
SUB1910,2022-10-09,Pro,79,Referral,2022-10
SUB1911,2023-02-08,Pro,79,Paid Ads,2023-02
SUB1912,2023-11-14,Pro,79,Social Media,2023-11
SUB1913,2023-12-29,Basic,29,Social Media,2023-12
SUB1914,2023-03-19,Pro,79,Organic Search,2023-03
SUB1915,2023-05-04,Basic,29,Referral,2023-05
SUB1916,2023-09-12,Basic,29,Direct,2023-09
SUB1917,2023-11-18,Business,149,Direct,2023-11
SUB1918,2023-07-16,Pro,79,Paid Ads,2023-07
SUB1919,2023-04-02,Enterprise,399,Referral,2023-04
SUB1920,2023-04-14,Pro,79,Direct,2023-04
SUB1921,2023-09-01,Basic,29,Paid Ads,2023-09
SUB1922,2022-02-11,Pro,79,Social Media,2022-02
SUB1923,2023-07-28,Basic,29,Direct,2023-07
SUB1924,2023-03-11,Business,149,Direct,2023-03
SUB1925,2023-10-12,Basic,29,Paid Ads,2023-10
SUB1926,2022-08-11,Pro,79,Social Media,2022-08
SUB1927,2023-07-14,Business,149,Paid Ads,2023-07
SUB1928,2023-05-21,Basic,29,Social Media,2023-05
SUB1929,2023-08-08,Basic,29,Referral,2023-08
SUB1930,2022-07-05,Enterprise,399,Organic Search,2022-07
SUB1931,2023-07-10,Pro,79,Direct,2023-07
SUB1932,2023-07-01,Pro,79,Social Media,2023-07
SUB1933,2023-06-30,Business,149,Organic Search,2023-06
SUB1934,2023-07-21,Pro,79,Direct,2023-07
SUB1935,2023-08-23,Pro,79,Social Media,2023-08
SUB1936,2023-10-17,Pro,79,Organic Search,2023-10
SUB1937,2023-01-14,Enterprise,399,Organic Search,2023-01
SUB1938,2023-10-25,Basic,29,Social Media,2023-10
SUB1939,2023-05-30,Basic,29,Direct,2023-05
SUB1940,2022-07-22,Basic,29,Organic Search,2022-07
SUB1941,2022-06-26,Business,149,Direct,2022-06
SUB1942,2023-02-26,Pro,79,Direct,2023-02
SUB1943,2023-10-08,Pro,79,Social Media,2023-10
SUB1944,2023-09-06,Enterprise,399,Referral,2023-09
SUB1945,2023-10-10,Business,149,Paid Ads,2023-10
SUB1946,2023-06-09,Business,149,Referral,2023-06
SUB1947,2023-04-29,Pro,79,Direct,2023-04
SUB1948,2022-10-07,Pro,79,Referral,2022-10
SUB1949,2023-02-22,Pro,79,Organic Search,2023-02
SUB1950,2023-04-26,Basic,29,Paid Ads,2023-04
SUB1951,2022-08-05,Basic,29,Referral,2022-08
SUB1952,2022-12-09,Business,149,Referral,2022-12
SUB1953,2023-07-18,Pro,79,Referral,2023-07
SUB1954,2023-09-18,Pro,79,Organic Search,2023-09
SUB1955,2023-12-30,Business,149,Social Media,2023-12
SUB1956,2023-12-06,Basic,29,Social Media,2023-12
SUB1957,2023-08-08,Basic,29,Direct,2023-08
SUB1958,2023-04-19,Basic,29,Organic Search,2023-04
SUB1959,2023-08-05,Business,149,Social Media,2023-08
SUB1960,2023-10-09,Basic,29,Paid Ads,2023-10
SUB1961,2022-09-08,Pro,79,Organic Search,2022-09
SUB1962,2023-04-12,Business,149,Organic Search,2023-04
SUB1963,2023-10-31,Business,149,Direct,2023-10
SUB1964,2023-03-28,Basic,29,Social Media,2023-03
SUB1965,2023-07-06,Pro,79,Direct,2023-07
SUB1966,2023-07-13,Enterprise,399,Paid Ads,2023-07
SUB1967,2022-11-10,Enterprise,399,Organic Search,2022-11
SUB1968,2023-03-15,Pro,79,Organic Search,2023-03
SUB1969,2023-02-26,Pro,79,Social Media,2023-02
SUB1970,2022-04-28,Business,149,Social Media,2022-04
SUB1971,2022-04-24,Business,149,Paid Ads,2022-04
SUB1972,2023-10-27,Pro,79,Paid Ads,2023-10
SUB1973,2023-01-16,Pro,79,Paid Ads,2023-01
SUB1974,2023-06-09,Basic,29,Direct,2023-06
SUB1975,2023-02-03,Pro,79,Referral,2023-02
SUB1976,2023-12-09,Pro,79,Social Media,2023-12
SUB1977,2023-01-07,Pro,79,Direct,2023-01
SUB1978,2023-04-23,Business,149,Paid Ads,2023-04
SUB1979,2023-11-13,Basic,29,Referral,2023-11
SUB1980,2023-10-31,Enterprise,399,Social Media,2023-10
SUB1981,2022-11-11,Business,149,Paid Ads,2022-11
SUB1982,2023-10-16,Pro,79,Direct,2023-10
SUB1983,2023-05-09,Basic,29,Direct,2023-05
SUB1984,2023-05-22,Business,149,Direct,2023-05
SUB1985,2022-09-24,Pro,79,Paid Ads,2022-09
SUB1986,2022-07-26,Basic,29,Referral,2022-07
SUB1987,2023-09-14,Pro,79,Paid Ads,2023-09
SUB1988,2023-05-29,Enterprise,399,Paid Ads,2023-05
SUB1989,2023-04-27,Pro,79,Referral,2023-04
SUB1990,2023-09-15,Pro,79,Referral,2023-09
SUB1991,2023-09-30,Pro,79,Direct,2023-09
SUB1992,2022-10-18,Pro,79,Social Media,2022-10
SUB1993,2023-07-24,Pro,79,Direct,2023-07
SUB1994,2022-09-26,Basic,29,Social Media,2022-09
SUB1995,2023-09-24,Business,149,Direct,2023-09
SUB1996,2023-08-14,Basic,29,Social Media,2023-08
SUB1997,2023-12-15,Basic,29,Organic Search,2023-12
SUB1998,2022-07-11,Basic,29,Paid Ads,2022-07
SUB1999,2022-06-24,Enterprise,399,Referral,2022-06
SUB2000,2023-01-23,Basic,29,Organic Search,2023-01
